iso3,pc1,pc2,cluster
AGO,-2.5042370450465494,-0.8623010524533856,2
ALB,-0.49121096987035656,1.3306284702629108,0
ARE,1.0123483894826206,-0.7365215265715751,1
ARG,-1.8174894628210618,-0.7350247687559686,3
ARM,-0.4626580146546891,2.03989451474037,0
AUS,1.5455524234549831,-0.8093848304150479,1
AUT,1.4898841358694879,-0.351006454188209,1
AZE,-0.5017751887027093,-0.5799608180657245,0
BEL,2.4575126168316066,-0.7182414794894436,1
BEN,-0.5759692643514321,-0.5342483004248383,3
BFA,0.0009874800091883643,-0.1208747935230467,3
BGD,-1.791123431410515,1.0044387402810042,0
BGR,-1.0798867824408767,2.0993447199444564,0
BHR,1.0164149443173123,0.26295455794099665,1
BHS,1.028733578648889,-1.4798219085127429,1
BIH,0.6197402374545001,2.353298235380928,0
BLR,-1.674390770925127,2.4075165116654973,0
BLZ,1.0717844769493028,-1.3368152923933194,1
BOL,-4.200945734486255,0.3955730623531197,2
BRA,-3.166495913199281,0.6176545189272569,2
BRN,0.7710463456558144,-1.7424166301402007,1
BTN,1.0637466742152395,0.5816269488290833,1
BWA,0.5370837883642106,0.9266260712044102,0
CAF,-1.2498233241332986,-1.603552401108416,3
CAN,1.8923994714104417,-1.0473064962824694,1
CHE,2.2897359488688287,-0.7160122686486396,1
CHL,-0.8387954697670252,1.4968451907401452,0
CHN,0.38337208452949406,1.596673286988309,0
CIV,0.16881554060815177,-1.8011862909470158,3
CMR,-0.5585376228602104,-0.9344064999258507,3
COD,-3.0891216030991635,-1.3332244495564816,3
COG,-0.9974508795997886,-0.4348704805779659,3
COL,0.19875047825417552,-0.926072927071176,3
CPV,0.8031816949097678,1.7517342306866146,0
CRI,0.5664848927784437,0.06251093793472255,1
CYP,0.9881739473410535,1.032570643004407,0
CZE,1.385635306281983,0.5111952296228884,1
DEU,1.9438206262769797,-1.004213104298201,1
DNK,1.337390961881564,-0.14284014072764936,1
DOM,-0.765970529184845,1.3112263778666524,0
DZA,-0.8056089917943648,-1.2341419334857266,3
ECU,-0.2217630386183247,-0.5373630928228657,3
EGY,-0.8813480269443739,0.24505215169705372,3
ESP,0.2820761438969567,0.08626380338856365,1
EST,0.117525640279032,2.8323809301602365,0
ETH,-0.40205686415785935,-0.7545369647850947,3
FIN,1.5833086028495826,-0.5883106809789862,1
FRA,0.9168507288183194,-0.6030593919273886,1
GAB,-0.7397768433831254,-0.9075796542053153,3
GBR,0.8578687175585767,0.14885941373936812,1
GEO,0.012598205885467504,0.27294870206771527,0
GHA,-1.6843095807613002,0.5135723193126488,3
GIN,-0.3127983619744924,-1.3977090065137197,3
GMB,0.996760835319685,-1.0978325064952312,1
GNB,-2.0870731819213892,0.43995291996958896,3
GRC,0.022298448670644077,-0.5528748117405907,3
GTM,-0.46578897646253375,0.3181327994456872,3
GUY,0.32612519242995763,0.32305883088801773,0
HKG,4.81973026704027,1.0462646975208012,1
HND,1.035604320170182,0.9831413208071877,0
HRV,-0.8667185324684373,1.3000960773263925,0
HTI,-0.19268270490709655,-1.7595397925681089,3
HUN,-0.2603082493015429,1.9187463884841385,0
IDN,-0.34770317070395856,1.1343340462421418,0
IND,-0.06948066731600168,-0.09792709490501293,3
IRL,2.019979693769293,1.224036891963961,1
IRN,-1.0983424834830193,-1.7469713035238448,3
IRQ,-2.304902602310006,1.8119422006716823,0
ISL,0.014296684849940332,0.8098544512353298,0
ISR,-0.7559695560033569,1.0343172556508344,0
ITA,0.4083169701252632,-0.5569231302182777,1
JOR,-0.05764007897203373,-0.10793526049679952,3
JPN,0.9600819145069901,-0.46710311813901734,1
KAZ,-0.18190928044482307,0.8742744835977161,0
KEN,-0.7157892178670295,0.21620156419391307,3
KGZ,-1.0918148926456546,0.8486672871410036,0
KHM,1.28399819059018,-0.5054552605810682,1
KOR,0.4688752790552031,2.061377904088425,0
KWT,0.1056494359266068,-2.1904674726799374,3
LAO,-0.12950353082817942,1.7709779477737664,0
LBN,0.6612518719689119,-1.193389345099056,3
LBY,-0.9271797562104455,-2.150983714512923,3
LKA,0.4703103167296323,0.31365096631416267,1
LSO,0.099972300641291,1.1543353510618712,0
LTU,0.5423821068424974,1.160686027661695,0
LUX,3.815185025372497,0.2098324510016237,1
LVA,0.7107265972832136,0.6077082304493249,0
MAR,0.1498510345594258,-0.35001091906443416,3
MDA,-0.9409808645335004,0.5715721422531244,0
MDG,-1.5893137234573866,-1.245505733139184,3
MEX,-0.08388548954422023,-0.7566620660145168,3
MKD,1.016196813419462,-0.11628245748430657,1
MLI,0.08910052568654103,-1.2365811602373564,3
MLT,1.4378748635926994,2.176697131341808,0
MNE,0.13948734874655805,1.5408693403516636,0
MNG,0.9846106412220347,0.4638251465274794,1
MOZ,0.32971315870441237,-0.4178268485402667,3
MRT,-0.21054110778772775,-0.5387979458119331,3
MUS,0.6124191836954124,1.8263058430623593,0
MWI,-0.4615853457600723,-1.2676265523570243,3
MYS,2.1281043097492685,0.4939997201418945,1
NAM,0.18113880054030584,-0.6023450622369553,3
NER,-0.6529817019007773,-1.8287166061752826,3
NIC,-1.9909774700205007,0.1822978004260566,3
NLD,2.279902552059314,-0.4816975712061366,1
NOR,1.3820744798942037,-0.217379306174274,1
NPL,-0.9974492446666872,0.5324293339996725,3
NZL,0.6049089505291113,0.4019552978585342,1
OMN,0.3308531454113993,-0.3890184389620459,3
PAK,-0.5315326246696185,-0.5635234170905822,3
PAN,1.146530674800108,0.435004824828861,1
PER,-4.242275876288419,1.5694783037009696,2
PHL,-0.5004425630711794,0.47712544522525774,3
PNG,0.6381413333923213,-1.295316216274757,3
POL,-1.02204552610698,2.2281314496460682,0
PRT,0.09019767712320988,0.5003556793522251,0
PRY,-0.2261663356123232,0.5519431882490341,0
QAT,1.2171669151767446,-2.2399335808869756,1
ROU,-1.4275298487937718,2.1379269651608186,0
RUS,-1.886833063314555,0.1093864541011107,3
RWA,-1.2285158350178078,0.17926628940343514,3
SAU,0.3994054403648805,-2.387290949456873,3
SDN,-1.2043663496358223,-1.6582189914592966,3
SEN,-0.07047843804898803,-1.03544281013867,3
SGP,4.884394085617513,2.34783895442825,1
SLE,-1.56680783975547,-0.6582977631177114,3
SLV,-1.0100518273884496,0.5511829024005896,3
SRB,-0.09152998179892934,1.330191231379041,0
SUR,0.8600896132025152,-1.9066507259241803,1
SVK,1.4753989311900193,0.7798582620211698,1
SVN,0.9983374811859812,0.5121434342409206,1
SWE,1.3652072491991256,-0.4039356983536858,1
SWZ,0.8596021594502055,-1.41606371089125,3
SYC,1.4310002018907606,1.061159688880417,1
SYR,-1.6256898653032037,-1.3189920568779434,3
TCD,-0.3547333096677797,-1.8257343450935926,3
TGO,-0.16251525134512296,-0.9740956639133654,3
THA,0.7777232258625127,0.7916268410431571,1
TJK,-1.393258637640167,0.31386777203570526,0
TLS,1.5800359015557945,-0.2841002445705175,1
TUN,0.7540501267106829,-0.5306929520506205,1
TUR,-0.7735972495631844,0.6480007237672797,3
TZA,-1.4010968755124995,0.16820824388864564,3
UGA,-2.432095333470239,2.50504605546631,0
UKR,-2.1149711262000848,0.45754683238374505,0
URY,-0.14638510803379656,-0.15212425061890433,3
USA,1.6375854657109588,-0.9072082510442986,1
VEN,-2.4003655807491064,-3.067615192361367,3
VNM,1.391982224787657,1.0575139038176118,1
YEM,-0.2842948157099257,-2.7294160626692894,3
ZAF,0.14629788213206554,-1.2387731482730373,3
ZMB,-1.5742194425182905,-0.11182836986069429,3
ZWE,-1.4578876832183156,-1.7916233455241848,3
