iso3,country,year,summary_change,area,area_change,abs_share,signed_share,rank_abs
ARG,Argentina,1975,-2.4299999999999997,d_efw_area3,-5.253653976175213,0.7752022229432655,0.4323995042119517,1.0
BDI,Burundi,1975,-1.5799999999999996,d_efw_area3,-3.21071803750963,0.9111136381863172,0.4064200047480545,1.0
BRB,Barbados,1975,-1.6800000000000006,d_efw_area3,-2.9652768683286714,0.5877860886503876,0.3530091509915084,1.0
BWA,Botswana,1975,-2.1399999999999997,d_efw_area3,-5.241333333333334,0.7924322115114071,0.48984423676012473,1.0
CRI,Costa Rica,1975,-1.0600000000000005,d_efw_area3,-2.159826907073861,0.34911131752189284,0.40751451076865286,1.0
FJI,Fiji,1975,-1.0600000000000005,d_efw_area3,-3.9698268997115598,0.560275630785123,0.7490239433418033,1.0
GUY,Guyana,1975,-1.3899999999999997,d_efw_area3,-4.365170884493838,0.6163172844399644,0.6280821416537898,1.0
IND,India,1975,-0.96,d_efw_area5,-1.936427886437417,0.5976449952920934,0.40342247634112854,1.0
ISL,Iceland,1975,-1.0899999999999999,d_efw_area4,-2.244444444444444,0.33103351539926695,0.41182466870540263,1.0
JAM,Jamaica,1975,-1.2200000000000006,d_efw_area3,-4.13265302503859,0.6632798965582406,0.6774841024653423,1.0
KWT,Kuwait,1975,-1.7299999999999995,d_efw_area3,-3.180731960652402,0.45813118085461313,0.36771467753206966,1.0
MDG,Madagascar,1975,-1.1399999999999997,d_efw_area3,-2.6540675741838093,0.46864306665696776,0.46562589020768597,1.0
MUS,Mauritius,1975,-1.6000000000000005,d_efw_area3,-5.663271107815662,0.7000555151239763,0.7079088884769574,1.0
MWI,Malawi,1975,-1.0700000000000003,d_efw_area1,-2.3057709211760775,0.4319132468571945,0.4309852189114162,1.0
NPL,Nepal,1975,1.06,d_efw_area3,-1.8806017248803544,0.3611530719435865,-0.3548305141283687,1.0
PAK,Pakistan,1975,-1.1600000000000001,d_efw_area1,-3.1052562853426426,0.2955548958000985,0.5353890147142487,1.0
PER,Peru,1975,-1.0300000000000002,d_efw_area4,-2.6007945209741594,0.43076944843827025,0.5050086448493513,1.0
PNG,Papua New Guinea,1975,-1.8399999999999999,d_efw_area3,-3.4716666666666667,0.40599558333168373,0.37735507246376815,1.0
RWA,Rwanda,1975,-1.7700000000000005,d_efw_area3,-4.18500333195303,0.8579777342908901,0.47288173242407117,1.0
TTO,Trinidad and Tobago,1975,-2.04,d_efw_area3,-5.044077942682465,0.7452759221258526,0.49451744536102604,1.0
URY,Uruguay,1975,-1.3200000000000003,d_efw_area3,-2.9764600299433948,0.4497267773620168,0.4509787924156658,1.0
ZMB,Zambia,1975,-1.0900000000000007,d_efw_area1,-2.1031087102880113,0.6216186815437748,0.3858915064748642,1.0
BHR,Bahrain,1980,1.5099999999999998,d_efw_area5,1.99125,0.41336520999317633,0.26374172185430467,1.0
CHL,Chile,1980,1.0900000000000003,d_efw_area4,2.4866624549583163,0.45630831350103634,0.456268340359324,1.0
DOM,Dominican Republic,1980,0.9699999999999998,d_efw_area3,2.2138098563902053,0.45564607505085847,0.45645564049282594,1.0
GBR,United Kingdom,1980,0.9900000000000002,d_efw_area4,2.3015439403057085,0.46676424930620825,0.4649583717789309,1.0
HND,Honduras,1980,-1.1700000000000008,d_efw_area4,-3.1718022584915158,0.5421565339549169,0.5421884202549596,1.0
IRN,"Iran, Islamic Rep.",1980,-1.6500000000000004,d_efw_area4,-6.203254159688949,0.6637862169624403,0.751909595113812,1.0
MEX,Mexico,1980,-1.17,d_efw_area4,-4.274444444444445,0.5537639643998227,0.7306742640075974,1.0
NIC,Nicaragua,1980,-1.8100000000000005,d_efw_area4,-5.777380492455428,0.4944712754006708,0.6383845848017046,1.0
PRT,Portugal,1980,1.1700000000000008,d_efw_area4,3.2222222222222223,0.5517855152856442,0.5508072174738837,1.0
SLV,El Salvador,1980,-1.04,d_efw_area4,-2.866666666666667,0.5527362368458505,0.5512820512820513,1.0
ECU,Ecuador,1985,-1.1399999999999997,d_efw_area4,-3.0967490392261086,0.544177130814859,0.5432893051273876,1.0
GBR,United Kingdom,1985,0.9800000000000004,d_efw_area3,3.214827487998683,0.6556446474735236,0.6560872424487105,1.0
GTM,Guatemala,1985,-0.96,d_efw_area4,-3.6436708748340605,0.6726074543076017,0.7590980989237627,1.0
KWT,Kuwait,1985,1.6500000000000004,d_efw_area3,3.7521191763073594,0.7048769779415024,0.45480232440089197,1.0
MUS,Mauritius,1985,1.46,d_efw_area4,2.876209687193235,0.3953839575430436,0.3940013270127719,1.0
NIC,Nicaragua,1985,-1.7499999999999996,d_efw_area3,-5.993431944583152,0.6469688831418671,0.6849636508095033,1.0
OMN,Oman,1985,1.46,d_efw_area3,4.01095707264202,0.9336174316512273,0.5494461743345233,1.0
POL,Poland,1985,-1.13,d_efw_area3,-3.472666666666666,0.5070636977956048,0.6146312684365781,1.0
SLE,Sierra Leone,1985,-0.9699999999999998,d_efw_area3,-5.110575698091715,0.6735942537250692,1.0537269480601477,1.0
TGO,Togo,1985,1.0300000000000002,d_efw_area1,2.887187128138541,0.5621397078929354,0.5606188598327263,1.0
TUR,Türkiye,1985,1.0999999999999996,d_efw_area4,2.089543020526569,0.38091549992060064,0.37991691282301265,1.0
BEN,Benin,1990,1.0699999999999994,d_efw_area1,2.9778742453775404,0.658212284261712,0.5566120084817836,1.0
BOL,Bolivia,1990,1.62,d_efw_area3,4.898647926131121,0.5016348477267938,0.6047713489050766,1.0
BRA,Brazil,1990,1.04,d_efw_area4,3.340740740740741,0.6400446694954192,0.6424501424501424,1.0
CHL,Chile,1990,1.5199999999999996,d_efw_area2,2.151215611504465,0.2828685802438326,0.2830546857242718,1.0
CRI,Costa Rica,1990,1.4699999999999998,d_efw_area4,2.7768383943758623,0.3785501765419958,0.37780114209195415,1.0
DOM,Dominican Republic,1990,-0.9799999999999995,d_efw_area4,-2.5844444444444448,0.5011782111044796,0.5274376417233563,1.0
GHA,Ghana,1990,1.3899999999999997,d_efw_area4,3.661111111111111,0.49298476832866744,0.5267785771382895,1.0
GTM,Guatemala,1990,0.9900000000000002,d_efw_area4,4.5627019173569145,0.6349716941327636,0.9217579631024068,1.0
ISL,Iceland,1990,1.3399999999999999,d_efw_area3,4.900670804419875,0.6496435107976531,0.7314434036447575,1.0
ISR,Israel,1990,0.9900000000000002,d_efw_area3,3.1046814998967607,0.5273538473697569,0.6272083838175273,1.0
KOR,"Korea, Rep.",1990,0.9400000000000004,d_efw_area4,1.9060083233206369,0.4045500678666178,0.4055336858129013,1.0
MEX,Mexico,1990,1.1500000000000004,d_efw_area4,3.0672911869762123,0.5291094620182588,0.5334419455610803,1.0
NZL,New Zealand,1990,1.04,d_efw_area3,2.3747873426936046,0.4553508809850489,0.45668987359492397,1.0
PHL,Philippines,1990,1.1399999999999997,d_efw_area5,1.8417213830013495,0.2973717189886616,0.3231090145616404,1.0
ARG,Argentina,1995,2.1399999999999997,d_efw_area3,3.8082340767238794,0.3557405003029162,0.35590972679662425,1.0
DOM,Dominican Republic,1995,1.6199999999999992,d_efw_area4,3.439543020526567,0.42525546108201584,0.4246349408057492,1.0
EGY,"Egypt, Arab Rep.",1995,0.96,d_efw_area4,3.9451851851851854,0.7155906917447246,0.8219135802469136,1.0
EST,Estonia,1995,1.0300000000000002,d_efw_area4,6.013333333333334,0.6043691288457614,1.167637540453074,1.0
GTM,Guatemala,1995,1.0699999999999994,d_efw_area4,2.3554193282568887,0.43968486117957356,0.44026529500128786,1.0
HTI,Haiti,1995,1.2800000000000002,d_efw_area5,2.773807557557558,0.4353551207646789,0.43340743086836836,1.0
HUN,Hungary,1995,1.0700000000000003,d_efw_area4,3.3281481481481494,0.6123179057727934,0.6220837660089997,1.0
MLT,Malta,1995,1.2299999999999995,d_efw_area2,2.746106334127451,0.4168199379495327,0.44652135514267516,1.0
NIC,Nicaragua,1995,2.8499999999999996,d_efw_area3,4.3435684170358755,0.3049873775945263,0.3048118187393597,1.0
PER,Peru,1995,2.0999999999999996,d_efw_area3,3.5885343159731864,0.34124682169417686,0.34176517294982733,1.0
PHL,Philippines,1995,1.1899999999999995,d_efw_area3,2.788904260941379,0.4680773579445763,0.468723405200232,1.0
POL,Poland,1995,1.38,d_efw_area3,3.4259999999999997,0.43572416690989785,0.4965217391304348,1.0
PRY,Paraguay,1995,1.4699999999999998,d_efw_area2,2.2289830426640056,0.3033860178219769,0.30326299900190556,1.0
RUS,Russian Federation,1995,1.1700000000000004,d_efw_area1,5.116423042834863,0.4439936206987567,0.8746022295444208,1.0
SLV,El Salvador,1995,2.0200000000000005,d_efw_area3,2.9990504287335877,0.29786522292652234,0.29693568601322645,1.0
TTO,Trinidad and Tobago,1995,1.3100000000000005,d_efw_area4,4.472434062575244,0.5811815465923853,0.6828143606985103,1.0
TZA,Tanzania,1995,1.6899999999999995,d_efw_area4,3.788561823070049,0.4505813251973946,0.4483505116059231,1.0
UGA,Uganda,1995,2.33,d_efw_area3,3.939099719058105,0.33827362856494897,0.3381201475586356,1.0
ZAF,South Africa,1995,1.0200000000000005,d_efw_area2,2.533549861697696,0.4951897847389637,0.4967744826858225,1.0
ZMB,Zambia,1995,1.5499999999999998,d_efw_area4,3.1985185185185188,0.4125395532066331,0.41271206690561535,1.0
ALB,Albania,2000,0.96,d_efw_area3,2.5632249525495743,0.36383206616076674,0.534005198447828,1.0
BGD,Bangladesh,2000,1.0,d_efw_area4,4.073953138368266,0.6546205398496163,0.8147906276736532,1.0
BRA,Brazil,2000,1.29,d_efw_area3,5.735436885136123,0.6956412074568108,0.8892150209513369,1.0
EST,Estonia,2000,1.6799999999999997,d_efw_area3,6.164717265561557,0.732445335800585,0.7338949125668521,1.0
HRV,Croatia,2000,1.2999999999999998,d_efw_area3,2.9240338969150237,0.4218922901408201,0.44985136875615755,1.0
JOR,Jordan,2000,1.0699999999999994,d_efw_area3,2.4025953375458435,0.4039392030337548,0.4490832406627747,1.0
LTU,Lithuania,2000,1.13,d_efw_area3,4.577268927231806,0.7295325818244596,0.810136093315364,1.0
LVA,Latvia,2000,1.1600000000000001,d_efw_area3,4.485432684494361,0.6045063575824114,0.7733504628438552,1.0
MDG,Madagascar,2000,1.08,d_efw_area3,3.896337007905229,0.6033363575642101,0.7215438903528201,1.0
NGA,Nigeria,2000,1.13,d_efw_area3,3.6701289138042688,0.4276331809872136,0.6495803387264193,1.0
PER,Peru,2000,1.3000000000000007,d_efw_area3,4.098851040036308,0.612402541355466,0.6305924676978932,1.0
RWA,Rwanda,2000,1.3000000000000007,d_efw_area3,3.638303883793426,0.42370356070437104,0.5597390590451422,1.0
UGA,Uganda,2000,1.1399999999999997,d_efw_area3,4.7372931258112,0.6576241692451623,0.8311040571598599,1.0
UKR,Ukraine,2000,1.0300000000000002,d_efw_area3,1.1245354357348543,0.3076180856231187,0.21835639528832115,1.0
ZMB,Zambia,2000,1.04,d_efw_area3,5.049598581457835,0.634999894532152,0.971076650280353,1.0
ZWE,Zimbabwe,2000,-1.8600000000000003,d_efw_area4,-3.4997484987740806,0.3768267485753422,0.37631704287893336,1.0
ARG,Argentina,2005,-1.1499999999999995,d_efw_area3,-3.740258885602181,0.6289787188894488,0.6504798061916839,1.0
ARM,Armenia,2005,1.8800000000000008,d_efw_area3,3.789199331679697,0.4919521411829224,0.4031063118808187,1.0
BGR,Bulgaria,2005,1.5200000000000005,d_efw_area3,5.988472966338651,0.7873845909832013,0.7879569692550854,1.0
BLZ,Belize,2005,1.0199999999999996,d_efw_area1,2.51664946336504,0.44943228140376473,0.49346067909118446,1.0
KGZ,Kyrgyz Republic,2005,1.5300000000000002,d_efw_area3,5.889455287112893,0.6589220811214324,0.7698634362239075,1.0
LAO,Lao PDR,2005,1.38,d_efw_area3,3.0535631601455773,0.5500069757190202,0.44254538552834455,1.0
LSO,Lesotho,2005,1.7399999999999998,d_efw_area4,3.201711267947699,0.3684175215284385,0.3680127894192758,1.0
MDA,Moldova,2005,0.9900000000000002,d_efw_area3,4.697875467603604,0.84109813470335,0.9490657510310309,1.0
MNE,Montenegro,2005,1.2300000000000004,d_efw_area3,5.21522247338058,0.7350234998395179,0.8480036542082241,1.0
MRT,Mauritania,2005,1.04,d_efw_area1,3.0068377353921223,0.679124841327669,0.5782380260369466,1.0
ROU,Romania,2005,1.79,d_efw_area3,5.850630916298032,0.6521160007230346,0.653701778357322,1.0
SRB,Serbia,2005,1.2199999999999998,d_efw_area3,2.439847280866608,0.41226507045687827,0.3999749640764932,1.0
VEN,"Venezuela, RB",2005,-1.0600000000000005,d_efw_area4,-2.1671466748203185,0.4091388572501099,0.4088955990227014,1.0
ZWE,Zimbabwe,2005,-1.1,d_efw_area3,-1.7080398874124656,0.3094314014288761,0.3105527068022665,1.0
AGO,Angola,2010,1.04,d_efw_area3,4.365041636565339,0.7570046085756168,0.8394310839548729,1.0
BLR,Belarus,2010,0.9899999999999993,d_efw_area3,3.2815579263898242,0.8153971186432963,0.662940995230268,1.0
GIN,Guinea,2010,-1.3900000000000001,d_efw_area1,-3.6807495457933284,0.6226429468021768,0.5296042511932846,1.0
GMB,"Gambia, The",2010,1.42,d_efw_area3,2.596404848339257,0.4888521408291403,0.36569082370975453,1.0
IRQ,Iraq,2010,1.3199999999999998,d_efw_area3,4.959947237539654,0.8292468577141596,0.751507157202978,1.0
ISL,Iceland,2010,-1.4399999999999995,d_efw_area3,-2.6795785573517144,0.37237216464850376,0.37216368852107157,1.0
LBN,Lebanon,2010,1.3200000000000003,d_efw_area3,2.642817787485934,0.5328554113030222,0.40042693749786873,1.0
QAT,Qatar,2010,1.96,d_efw_area1,3.6466621253405997,0.5337343310239263,0.37210838013679587,1.0
SAU,Saudi Arabia,2010,1.21,d_efw_area1,1.9056585677565567,0.5137160844279379,0.31498488723248874,1.0
TJK,Tajikistan,2010,1.4799999999999995,d_efw_area3,3.0679480727421287,0.5556245374549055,0.41458757739758506,1.0
VEN,"Venezuela, RB",2010,-1.1099999999999994,d_efw_area3,-2.6311952237425804,0.47549700936900946,0.4740892295031679,1.0
YEM,"Yemen, Rep.",2010,1.75,d_efw_area3,2.5834301470350054,0.4728902898869489,0.29524915966114346,1.0
ZWE,Zimbabwe,2010,1.2100000000000004,d_efw_area4,2.6610715378874343,0.42149915242871866,0.4398465351880055,1.0
BLR,Belarus,2015,-1.2299999999999995,d_efw_area3,-4.458160627222359,0.8718249879221652,0.7249041670280261,1.0
GIN,Guinea,2015,1.02,d_efw_area3,3.0619908332081676,0.624712697439344,0.6003903594525819,1.0
MMR,Myanmar,2015,1.3399999999999994,d_efw_area4,3.1314903964384966,0.4666301019951559,0.46738662633410416,1.0
SYC,Seychelles,2015,0.9400000000000004,d_efw_area3,2.1895169685878413,0.6519122068601542,0.4658546741676256,1.0
ZWE,Zimbabwe,2015,1.0,d_efw_area3,3.579183819053134,0.712797750382031,0.7158367638106269,1.0
BLR,Belarus,2020,1.88,d_efw_area3,6.759400969355397,0.9484802234571825,0.7190852095058934,1.0
GIN,Guinea,2020,1.0,d_efw_area5,2.443294661027114,0.40357456295201843,0.4886589322054228,1.0
IRQ,Iraq,2020,1.3200000000000003,d_efw_area1,1.9481727824972705,0.4724424559126374,0.2951776943177682,1.0
LBN,Lebanon,2020,-1.4799999999999995,d_efw_area3,-4.380902620424031,0.5450850531176785,0.5920138676248693,1.0
SDN,Sudan,2020,-1.12,d_efw_area3,-4.271246338514543,0.6831254959823848,0.7627225604490255,1.0
UKR,Ukraine,2020,0.9699999999999998,d_efw_area3,4.129154508348522,0.851692006435392,0.8513720635770151,1.0
ZWE,Zimbabwe,2020,-1.5700000000000003,d_efw_area3,-6.206960288890064,0.7770872739803262,0.7906955782025559,1.0
