iso3,country,wb_region,wb_income_class,iso3_valid
ZMB,Zambia,Sub-Saharan Africa,Lower-Middle Income,True
IND,India,South Asia,Lower-Middle Income,True
TZA,Tanzania,Sub-Saharan Africa,Lower-Middle Income,True
MAR,Morocco,Middle East & North Africa,Lower-Middle Income,True
KEN,Kenya,Sub-Saharan Africa,Lower-Middle Income,True
BEL,Belgium,Europe & Central Asia,High Income,True
KOR,"Korea, Rep.",East Asia & Pacific,High Income,True
KHM,Cambodia,East Asia & Pacific,Lower-Middle Income,True
AGO,Angola,Sub-Saharan Africa,Lower-Middle Income,True
IRL,Ireland,Europe & Central Asia,High Income,True
LVA,Latvia,Europe & Central Asia,High Income,True
KGZ,Kyrgyz Republic,Europe & Central Asia,Lower-Middle Income,True
IRQ,Iraq,Middle East & North Africa,Upper-Middle Income,True
ALB,Albania,Europe & Central Asia,Upper-Middle Income,True
AUS,Australia,East Asia & Pacific,High Income,True
USA,United States,North America,High Income,True
ITA,Italy,Europe & Central Asia,High Income,True
LBY,Libya,Middle East & North Africa,Upper-Middle Income,True
LKA,Sri Lanka,South Asia,Lower-Middle Income,True
ISR,Israel,Middle East & North Africa,High Income,True
VEN,"Venezuela, RB",Latin America & the Caribbean,Upper-Middle Income,True
ARM,Armenia,Europe & Central Asia,Upper-Middle Income,True
JAM,Jamaica,Latin America & the Caribbean,Upper-Middle Income,True
LBR,Liberia,Sub-Saharan Africa,Low Income,True
AUT,Austria,Europe & Central Asia,High Income,True
URY,Uruguay,Latin America & the Caribbean,High Income,True
VNM,Vietnam,East Asia & Pacific,Lower-Middle Income,True
LSO,Lesotho,Sub-Saharan Africa,Lower-Middle Income,True
ISL,Iceland,Europe & Central Asia,High Income,True
ARG,Argentina,Latin America & the Caribbean,Upper-Middle Income,True
JOR,Jordan,Middle East & North Africa,Upper-Middle Income,True
UGA,Uganda,Sub-Saharan Africa,Low Income,True
ZAF,South Africa,Sub-Saharan Africa,Upper-Middle Income,True
BDI,Burundi,Sub-Saharan Africa,Low Income,True
KWT,Kuwait,Middle East & North Africa,High Income,True
LUX,Luxembourg,Europe & Central Asia,High Income,True
KAZ,Kazakhstan,Europe & Central Asia,Upper-Middle Income,True
IRN,"Iran, Islamic Rep.",Middle East & North Africa,Lower-Middle Income,True
LAO,Lao PDR,East Asia & Pacific,Lower-Middle Income,True
ARE,United Arab Emirates,Middle East & North Africa,High Income,True
YEM,"Yemen, Rep.",Middle East & North Africa,Low Income,True
UKR,Ukraine,Europe & Central Asia,Lower-Middle Income,True
JPN,Japan,East Asia & Pacific,High Income,True
AZE,Azerbaijan,Europe & Central Asia,Upper-Middle Income,True
LBN,Lebanon,Middle East & North Africa,Upper-Middle Income,True
LTU,Lithuania,Europe & Central Asia,High Income,True
CRI,Costa Rica,Latin America & the Caribbean,Upper-Middle Income,True
TCD,Chad,Sub-Saharan Africa,Low Income,True
TWN,Taiwan,East Asia & Pacific,High Income,True
EGY,"Egypt, Arab Rep.",Middle East & North Africa,Lower-Middle Income,True
OMN,Oman,Middle East & North Africa,High Income,True
SLE,Sierra Leone,Sub-Saharan Africa,Low Income,True
CHN,China,East Asia & Pacific,Upper-Middle Income,True
ESP,Spain,Europe & Central Asia,High Income,True
NZL,New Zealand,East Asia & Pacific,High Income,True
SLV,El Salvador,Latin America & the Caribbean,Lower-Middle Income,True
CHL,Chile,Latin America & the Caribbean,High Income,True
EST,Estonia,Europe & Central Asia,High Income,True
NPL,Nepal,South Asia,Lower-Middle Income,True
SOM,Somalia,Sub-Saharan Africa,Low Income,True
CHE,Switzerland,Europe & Central Asia,High Income,True
ETH,Ethiopia,Sub-Saharan Africa,Low Income,True
NOR,Norway,Europe & Central Asia,High Income,True
FIN,Finland,Europe & Central Asia,High Income,True
SRB,Serbia,Europe & Central Asia,Upper-Middle Income,True
CAN,Canada,North America,High Income,True
NLD,Netherlands,Europe & Central Asia,High Income,True
FJI,Fiji,East Asia & Pacific,Upper-Middle Income,True
NIC,Nicaragua,Latin America & the Caribbean,Lower-Middle Income,True
SUR,Suriname,Latin America & the Caribbean,Upper-Middle Income,True
CAF,Central African Republic,Sub-Saharan Africa,Low Income,True
FRA,France,Europe & Central Asia,High Income,True
NGA,Nigeria,Sub-Saharan Africa,Lower-Middle Income,True
SVK,Slovak Republic,Europe & Central Asia,High Income,True
CIV,Côte d'Ivoire,Sub-Saharan Africa,Upper-Middle Income,True
SGP,Singapore,East Asia & Pacific,High Income,True
PAK,Pakistan,Middle East & North Africa,Lower-Middle Income,True
ECU,Ecuador,Latin America & the Caribbean,Upper-Middle Income,True
CYP,Cyprus,Europe & Central Asia,High Income,True
PRY,Paraguay,Latin America & the Caribbean,Upper-Middle Income,True
ROU,Romania,Europe & Central Asia,Upper-Middle Income,True
CPV,Cabo Verde,Sub-Saharan Africa,Lower-Middle Income,True
CZE,Czechia,Europe & Central Asia,High Income,True
PRT,Portugal,Europe & Central Asia,High Income,True
RUS,Russian Federation,Europe & Central Asia,Upper-Middle Income,True
COM,Comoros,Sub-Saharan Africa,Lower-Middle Income,True
DEU,Germany,Europe & Central Asia,High Income,True
POL,Poland,Europe & Central Asia,High Income,True
RWA,Rwanda,Sub-Saharan Africa,Low Income,True
COL,Colombia,Latin America & the Caribbean,Upper-Middle Income,True
BWA,Botswana,Sub-Saharan Africa,Upper-Middle Income,True
DJI,Djibouti,Middle East & North Africa,Lower-Middle Income,True
SAU,Saudi Arabia,Middle East & North Africa,High Income,True
COG,"Congo, Rep.",Sub-Saharan Africa,Lower-Middle Income,True
DNK,Denmark,Europe & Central Asia,High Income,True
PHL,Philippines,East Asia & Pacific,Lower-Middle Income,True
DOM,Dominican Republic,Latin America & the Caribbean,Upper-Middle Income,True
SDN,Sudan,Sub-Saharan Africa,Low Income,True
COD,"Congo, Dem. Rep.",Sub-Saharan Africa,Low Income,True
PER,Peru,Latin America & the Caribbean,Upper-Middle Income,True
DZA,Algeria,Middle East & North Africa,Lower-Middle Income,True
PAN,Panama,Latin America & the Caribbean,Upper-Middle Income,True
SEN,Senegal,Sub-Saharan Africa,Lower-Middle Income,True
CMR,Cameroon,Sub-Saharan Africa,Lower-Middle Income,True
PNG,Papua New Guinea,East Asia & Pacific,Lower-Middle Income,True
BEN,Benin,Sub-Saharan Africa,Lower-Middle Income,True
GAB,Gabon,Sub-Saharan Africa,Upper-Middle Income,True
SVN,Slovenia,Europe & Central Asia,High Income,True
BIH,Bosnia and Herzegovina,Europe & Central Asia,Upper-Middle Income,True
GUY,Guyana,Latin America & the Caribbean,Upper-Middle Income,True
MMR,Myanmar,East Asia & Pacific,Lower-Middle Income,True
TJK,Tajikistan,Europe & Central Asia,Lower-Middle Income,True
BHS,"Bahamas, The",Latin America & the Caribbean,High Income,True
HKG,"Hong Kong SAR, China",East Asia & Pacific,High Income,True
MLT,Malta,Middle East & North Africa,High Income,True
HND,Honduras,Latin America & the Caribbean,Lower-Middle Income,True
TLS,Timor-Leste,East Asia & Pacific,Lower-Middle Income,True
BHR,Bahrain,Middle East & North Africa,High Income,True
MLI,Mali,Sub-Saharan Africa,Low Income,True
HRV,Croatia,Europe & Central Asia,High Income,True
MKD,North Macedonia,Europe & Central Asia,Upper-Middle Income,True
TTO,Trinidad and Tobago,Latin America & the Caribbean,High Income,True
BGR,Bulgaria,Europe & Central Asia,Upper-Middle Income,True
HTI,Haiti,Latin America & the Caribbean,Low Income,True
MEX,Mexico,Latin America & the Caribbean,Upper-Middle Income,True
TUN,Tunisia,Middle East & North Africa,Lower-Middle Income,True
BGD,Bangladesh,South Asia,Lower-Middle Income,True
HUN,Hungary,Europe & Central Asia,High Income,True
MDG,Madagascar,Sub-Saharan Africa,Low Income,True
TUR,Türkiye,Europe & Central Asia,Lower-Middle Income,True
BFA,Burkina Faso,Sub-Saharan Africa,Low Income,True
IDN,Indonesia,East Asia & Pacific,Upper-Middle Income,True
MDA,Moldova,Europe & Central Asia,Upper-Middle Income,True
THA,Thailand,East Asia & Pacific,Upper-Middle Income,True
MNE,Montenegro,Europe & Central Asia,Upper-Middle Income,True
GTM,Guatemala,Latin America & the Caribbean,Upper-Middle Income,True
BLR,Belarus,Europe & Central Asia,Upper-Middle Income,True
BTN,Bhutan,South Asia,Lower-Middle Income,True
GBR,United Kingdom,Europe & Central Asia,High Income,True
NAM,Namibia,Sub-Saharan Africa,Upper-Middle Income,True
SWE,Sweden,Europe & Central Asia,High Income,True
BRN,Brunei Darussalam,East Asia & Pacific,High Income,True
GEO,Georgia,Europe & Central Asia,Upper-Middle Income,True
MYS,Malaysia,East Asia & Pacific,Upper-Middle Income,True
SWZ,Eswatini,Sub-Saharan Africa,Lower-Middle Income,True
BRB,Barbados,Latin America & the Caribbean,High Income,True
GHA,Ghana,Sub-Saharan Africa,Lower-Middle Income,True
MWI,Malawi,Sub-Saharan Africa,Low Income,True
GIN,Guinea,Sub-Saharan Africa,Low Income,True
NER,Niger,Sub-Saharan Africa,Low Income,True
SYC,Seychelles,Sub-Saharan Africa,High Income,True
MUS,Mauritius,Sub-Saharan Africa,Upper-Middle Income,True
GMB,"Gambia, The",Sub-Saharan Africa,Low Income,True
MRT,Mauritania,Sub-Saharan Africa,Lower-Middle Income,True
SYR,Syrian Arab Republic,Middle East & North Africa,Low Income,True
BOL,Bolivia,Latin America & the Caribbean,Lower-Middle Income,True
GNB,Guinea-Bissau,Sub-Saharan Africa,Low Income,True
MOZ,Mozambique,Sub-Saharan Africa,Low Income,True
QAT,Qatar,Middle East & North Africa,High Income,True
BLZ,Belize,Latin America & the Caribbean,Upper-Middle Income,True
GRC,Greece,Europe & Central Asia,High Income,True
MNG,Mongolia,East Asia & Pacific,Lower-Middle Income,True
TGO,Togo,Sub-Saharan Africa,Low Income,True
BRA,Brazil,Latin America & the Caribbean,Upper-Middle Income,True
ZWE,Zimbabwe,Sub-Saharan Africa,Lower-Middle Income,True
