term,estimate,std_error
Intercept,-0.06976755617345407,129918.05251367406
C(iso3)[T.ALB],-0.21357288695776158,80270.7115126673
C(iso3)[T.ARE],-0.4347797397276666,125712.00333071932
C(iso3)[T.ARG],-0.5969501526759762,71132.91010310627
C(iso3)[T.ARM],0.0775767899908529,166307.1265425907
C(iso3)[T.AUS],-0.47925167482155906,84883.7343972811
C(iso3)[T.AUT],-0.42032323067487837,106152.31969718102
C(iso3)[T.AZE],-0.32591708557407045,72963.81978121512
C(iso3)[T.BDI],-0.47802853771645687,100518.80824228682
C(iso3)[T.BEL],-0.5249693031949983,76396.51157106893
C(iso3)[T.BEN],-0.3761342298492466,101482.71547436496
C(iso3)[T.BFA],-0.16116296516668965,
C(iso3)[T.BGD],-0.2380674574263135,74683.65313966825
C(iso3)[T.BGR],-0.37724410937288955,108690.41776279108
C(iso3)[T.BHR],-0.30322705596396177,66533.31722357553
C(iso3)[T.BHS],-0.5358939725630019,91264.13321470996
C(iso3)[T.BIH],-0.2574656388109659,183725.7004088688
C(iso3)[T.BLR],0.16604404072527448,163634.51869941122
C(iso3)[T.BLZ],-0.4660966301829198,103776.88391544782
C(iso3)[T.BOL],-0.38013509479530366,94611.83605950311
C(iso3)[T.BRA],-0.3336221456549354,118873.49725445671
C(iso3)[T.BRB],-0.6041848992572354,105060.02980395821
C(iso3)[T.BRN],-0.24514285438036099,102209.10945362056
C(iso3)[T.BTN],-0.33782373365762614,106767.61725247436
C(iso3)[T.BWA],-0.5456987120549359,117291.50511212314
C(iso3)[T.CAF],-0.39376100852601315,78406.63813109504
C(iso3)[T.CAN],-0.5074013269762518,59894.83798509703
C(iso3)[T.CHE],-0.4564395227842358,108447.17602907027
C(iso3)[T.CHL],-0.1870733805022746,139222.51741052567
C(iso3)[T.CHN],-0.2562085812420757,88418.32561015675
C(iso3)[T.CIV],-0.4293380082692292,141842.22373929239
C(iso3)[T.CMR],-0.36543917714687657,110668.30193481962
C(iso3)[T.COD],-0.4436332385512109,207346.46954778171
C(iso3)[T.COG],-0.38513480516960324,172593.09068200813
C(iso3)[T.COL],-0.423250461368955,180822.58155617965
C(iso3)[T.CPV],-0.10028179771670753,658032.407851214
C(iso3)[T.CRI],-0.5356753002116376,210514.54904350144
C(iso3)[T.CYP],-0.4107081212997979,104536.7382272745
C(iso3)[T.CZE],-0.5917972015251391,
C(iso3)[T.DEU],-0.5108876387666899,162819.29924014155
C(iso3)[T.DNK],-0.4231086484579456,25939.23726659328
C(iso3)[T.DOM],-0.14895511306774548,128781.88331973327
C(iso3)[T.DZA],-0.49250128787027936,161144.06784741452
C(iso3)[T.ECU],-0.3219386455801607,139330.57222691507
C(iso3)[T.EGY],-0.43322272777671483,178387.03893868483
C(iso3)[T.ESP],-0.37401106523906086,177195.28587353823
C(iso3)[T.EST],-0.2370036916941691,114387.53003658412
C(iso3)[T.ETH],-0.17990035007487645,316529.97096351295
C(iso3)[T.FIN],-0.5436745936790887,379368.3757404247
C(iso3)[T.FJI],-0.5541384947060415,191935.08448950513
C(iso3)[T.FRA],-0.3539915127445063,57816.67788363078
C(iso3)[T.GAB],-0.3017661553297567,
C(iso3)[T.GBR],-0.30217495710836817,117989.89520224772
C(iso3)[T.GEO],-0.12102825786866198,263071.7114364472
C(iso3)[T.GHA],-0.31610390992580656,
C(iso3)[T.GIN],-0.49875373344245894,
C(iso3)[T.GMB],-0.03278717518265333,230687.80900417155
C(iso3)[T.GNB],-0.2743359347394314,194245.07732160456
C(iso3)[T.GRC],-0.39817812622590687,168575.65131102424
C(iso3)[T.GTM],-0.256252231992948,19284.348894935694
C(iso3)[T.GUY],-0.45695387304122437,320328.21769193216
C(iso3)[T.HKG],-0.4641460389189016,
C(iso3)[T.HND],-0.44336837768151094,217716.21963922662
C(iso3)[T.HRV],-0.17076962480901228,391785.0864321933
C(iso3)[T.HTI],-0.4268106317849695,107211.83488884344
C(iso3)[T.HUN],-0.32901195804280203,95148.50399176203
C(iso3)[T.IDN],-0.23883269474927493,97489.794696574
C(iso3)[T.IND],-0.40448078552652095,110670.37799715486
C(iso3)[T.IRL],-0.39638206962074257,114050.34335639591
C(iso3)[T.IRN],-0.6210390334764919,108021.8990104858
C(iso3)[T.IRQ],0.3266636504341899,108328.59317198499
C(iso3)[T.ISL],-0.3658865449704024,100635.11635016708
C(iso3)[T.ISR],-0.2717539708728094,97360.47296216182
C(iso3)[T.ITA],-0.4064950898721331,111388.07954452315
C(iso3)[T.JAM],-0.4199082401913907,107908.24418726008
C(iso3)[T.JOR],-0.2657989639354667,103172.95129147102
C(iso3)[T.JPN],-0.44735271246303976,104673.50303251324
C(iso3)[T.KAZ],-0.08930745633733093,89907.42740093
C(iso3)[T.KEN],-0.3048741031871313,107742.0948373884
C(iso3)[T.KGZ],0.05992528296575145,95937.60865800796
C(iso3)[T.KHM],-0.1319776898770376,107892.78549334283
C(iso3)[T.KOR],-0.3194280371393433,99565.1328350118
C(iso3)[T.KWT],-0.500566448644617,100126.36603107976
C(iso3)[T.LAO],0.2393927870205767,104567.17407727102
C(iso3)[T.LBN],-0.37489063967381686,111822.02124856121
C(iso3)[T.LBR],0.007262511607326272,94134.8568563065
C(iso3)[T.LBY],0.060752407348951376,106964.10397604144
C(iso3)[T.LKA],-0.37501429893936195,106637.5025434882
C(iso3)[T.LSO],0.06637589267305244,102710.24607725939
C(iso3)[T.LTU],-0.3731180422764544,115178.4932918272
C(iso3)[T.LUX],-0.5056982667233848,107970.22117984273
C(iso3)[T.LVA],-0.418445056368814,110868.04451034045
C(iso3)[T.MAR],-0.37647372356805026,114383.95576004285
C(iso3)[T.MDA],-0.04809016033827783,94723.90324063212
C(iso3)[T.MDG],-0.4687323986238169,92321.48137097305
C(iso3)[T.MEX],-0.4528989359358031,111300.54627090177
C(iso3)[T.MKD],-0.33250772811949897,105229.20598959124
C(iso3)[T.MLI],-0.4818939680691714,92468.07452039565
C(iso3)[T.MLT],-0.4293024605958594,114665.14118389791
C(iso3)[T.MMR],-0.25833708989413173,98559.82938863515
C(iso3)[T.MNE],0.19830043630730826,115524.21560196756
C(iso3)[T.MNG],-0.1866469056777764,102588.97996998786
C(iso3)[T.MOZ],-0.12452927615242165,108708.57309341923
C(iso3)[T.MRT],0.014117568391335544,110862.6269892097
C(iso3)[T.MUS],-0.398191061465846,98015.68259711152
C(iso3)[T.MWI],-0.4842972788138893,84734.82600022755
C(iso3)[T.MYS],-0.396063519454694,98335.37594982823
C(iso3)[T.NAM],-0.3827065626409514,104250.1559393045
C(iso3)[T.NER],-0.5059562006562105,104726.6946975651
C(iso3)[T.NGA],-0.2479297653734433,95974.26819223416
C(iso3)[T.NIC],-0.40780971886323814,95488.65330596184
C(iso3)[T.NLD],-0.4964840150364083,106078.5410939711
C(iso3)[T.NOR],-0.46145848814859547,96011.24228034227
C(iso3)[T.NPL],-0.1285004089446546,105127.13559671724
C(iso3)[T.NZL],-0.3343401387830076,101601.22807380596
C(iso3)[T.OMN],-0.38414422224090833,110082.71343533574
C(iso3)[T.PAK],-0.3720557725901965,99218.3807482734
C(iso3)[T.PAN],-0.40250116997816865,113820.75724899284
C(iso3)[T.PER],-0.2510966148914824,108471.6809278791
C(iso3)[T.PHL],-0.3144397543826802,96800.46000197009
C(iso3)[T.PNG],-0.5357244794856513,86122.21775797896
C(iso3)[T.POL],-0.49141238916318264,115832.45428979905
C(iso3)[T.PRT],-0.29591841312609446,100502.56058476833
C(iso3)[T.PRY],-0.32186570962602534,98499.07908596819
C(iso3)[T.QAT],0.03672960353012916,108664.98393374763
C(iso3)[T.ROU],-0.36208638395765663,109984.5546056913
C(iso3)[T.RUS],-0.13673517853972908,107457.54729839324
C(iso3)[T.RWA],-0.3387159751501447,105593.2472594434
C(iso3)[T.SAU],-0.08159030956732005,113803.74323499361
C(iso3)[T.SDN],-0.5323776687791911,108124.06585000598
C(iso3)[T.SEN],-0.3893675862775739,101716.96215240839
C(iso3)[T.SGP],-0.3653986526042194,88204.9631582936
C(iso3)[T.SLE],-0.3760798674177641,101730.48570891818
C(iso3)[T.SLV],-0.33375516851389053,114399.19079728702
C(iso3)[T.SRB],0.20413516081176797,99686.44971708601
C(iso3)[T.SUR],-0.4119854458387195,101237.86579359029
C(iso3)[T.SVK],-0.42138962047293127,109856.7752737912
C(iso3)[T.SVN],-0.49068873103845667,109826.21790421785
C(iso3)[T.SWE],-0.4039288139655315,115156.19924580576
C(iso3)[T.SWZ],-0.22661650409790338,114860.72692000905
C(iso3)[T.SYC],0.11371712722576122,94460.97385119667
C(iso3)[T.SYR],-0.5086959415946929,97498.99675716
C(iso3)[T.TCD],-0.4905401543942882,107379.29884983029
C(iso3)[T.TGO],-0.35017100583229566,103805.75394493122
C(iso3)[T.THA],-0.38249160654806985,96504.53070920566
C(iso3)[T.TJK],0.3309507418531064,98478.4966393775
C(iso3)[T.TLS],0.2215644987077298,107921.32791083129
C(iso3)[T.TTO],-0.504997600819642,110727.83050531862
C(iso3)[T.TUN],-0.39511624524413935,105847.65938995416
C(iso3)[T.TUR],-0.30048197041708663,94692.9676381976
C(iso3)[T.TWN],-0.25023627452356834,107025.2904040226
C(iso3)[T.TZA],-0.31731342159275944,109597.40487758112
C(iso3)[T.UGA],-0.20248666125715337,88720.88144445157
C(iso3)[T.UKR],0.11813661772096949,81223.46949049078
C(iso3)[T.URY],-0.4407967102835759,104828.59238000735
C(iso3)[T.USA],-0.4837614419309363,103575.03355581853
C(iso3)[T.VEN],-0.9402651815725821,95588.543071301
C(iso3)[T.VNM],-0.37192169058743424,106046.45172570094
C(iso3)[T.YEM],-0.10070857950127521,106594.84551153438
C(iso3)[T.ZAF],-0.44193430447253623,107632.58164327446
C(iso3)[T.ZMB],-0.4427599051081262,110466.05076576464
C(iso3)[T.ZWE],-0.5701211961693584,101345.87180900699
C(year)[T.1980],0.49822402561021534,11848.933653001974
C(year)[T.1985],0.6180327046334848,13487.650662583457
C(year)[T.1990],3110177122763.832,2.2208398330313396e+19
C(year)[T.1995],3110177122764.052,2.1830481849749262e+19
C(year)[T.2000],3110177122763.9023,2.0704330083090334e+19
C(year)[T.2005],-5842291437060.25,
C(year)[T.2010],2080421056258.606,1.0792923077186435e+19
C(year)[T.2015],7922712493319.518,1.340052336861323e+19
C(year)[T.2020],0.3194849992131796,9840.166702712024
EU_neg_share,1.0957370571481364,56995.0192009009
WTO_neg_share,0.05329881400554759,148848.1162453314
crisis_1990s,-3110177122763.1133,1.934935759643111e+19
crisis_2008,5842291437060.857,
crisis_euro,-7922712493318.967,1.3774836342860237e+19
EU_neg_share:crisis_1990s,-0.44742179640734603,44012.5009997195
EU_neg_share:crisis_2008,-0.16379071068733905,47684.17608753423
EU_neg_share:crisis_euro,-0.9439500369454882,36880.01433475171
WTO_neg_share:crisis_1990s,-0.6105494956245032,146278.87992032492
WTO_neg_share:crisis_2008,0.03582954086058315,53966.5927610245
WTO_neg_share:crisis_euro,-0.6714278889585413,157183.13436432238
