spec_id,module,outcome,term,horizon,coef,std_err,p_value,nobs,effect_std,controls,data_hash,q_value
A_linear_gdppc_growth_5y_d_efw_summary,A,gdppc_growth_5y,d_efw_summary,0,0.058654993290245296,0.01027220797808636,1.5864193736447874e-08,972,0.03276268543382905,"lag_gdppc_growth_5y,lag_gdppc_log,lag_efw_summary,trade_gdp,inflation_cpi,gcf_gdp,gov_consumption_gdp",868302632f1f78e806748c2cbf7becc63dcb02d41e25254899706480a7e30feb,2.6810487414596906e-06
A_linear_gdppc_growth_5y_d_efw_summary,A,gdppc_growth_5y,d_efw_summary,1,0.012397734409189872,0.011749436695301738,0.2917236276565891,834,0.006924953013471694,"lag_gdppc_growth_5y,lag_gdppc_log,lag_efw_summary,trade_gdp,inflation_cpi,gcf_gdp,gov_consumption_gdp",868302632f1f78e806748c2cbf7becc63dcb02d41e25254899706480a7e30feb,0.6585901837195639
A_linear_gdppc_growth_5y_d_efw_summary,A,gdppc_growth_5y,d_efw_summary,2,0.008860142584994643,0.01298277991460988,0.495248766499621,691,0.00494897447135721,"lag_gdppc_growth_5y,lag_gdppc_log,lag_efw_summary,trade_gdp,inflation_cpi,gcf_gdp,gov_consumption_gdp",868302632f1f78e806748c2cbf7becc63dcb02d41e25254899706480a7e30feb,0.752997798819243
A_linear_gdppc_growth_5y_d_efw_summary,A,gdppc_growth_5y,d_efw_summary,3,-0.01979012403983507,0.015017343613906256,0.1883058845762695,551,-0.011054090576827392,"lag_gdppc_growth_5y,lag_gdppc_log,lag_efw_summary,trade_gdp,inflation_cpi,gcf_gdp,gov_consumption_gdp",868302632f1f78e806748c2cbf7becc63dcb02d41e25254899706480a7e30feb,0.6494631529263173
A_linear_gdppc_growth_5y_d_efw_area1,A,gdppc_growth_5y,d_efw_area1,0,0.004469321574340947,0.005328836377544287,0.4018829350790383,972,0.0046149502812252545,"lag_gdppc_growth_5y,lag_gdppc_log,lag_efw_summary,trade_gdp,inflation_cpi,gcf_gdp,gov_consumption_gdp",868302632f1f78e806748c2cbf7becc63dcb02d41e25254899706480a7e30feb,0.6929710014614932
A_linear_gdppc_growth_5y_d_efw_area1,A,gdppc_growth_5y,d_efw_area1,1,-0.003228769947149815,0.005811787258321269,0.5786997082019765,834,-0.0033339764274643757,"lag_gdppc_growth_5y,lag_gdppc_log,lag_efw_summary,trade_gdp,inflation_cpi,gcf_gdp,gov_consumption_gdp",868302632f1f78e806748c2cbf7becc63dcb02d41e25254899706480a7e30feb,0.81097753712764
A_linear_gdppc_growth_5y_d_efw_area1,A,gdppc_growth_5y,d_efw_area1,2,-0.003911390512490784,0.006085427430213968,0.5206646356415139,691,-0.004038839552122169,"lag_gdppc_growth_5y,lag_gdppc_log,lag_efw_summary,trade_gdp,inflation_cpi,gcf_gdp,gov_consumption_gdp",868302632f1f78e806748c2cbf7becc63dcb02d41e25254899706480a7e30feb,0.7718624861703144
A_linear_gdppc_growth_5y_d_efw_area1,A,gdppc_growth_5y,d_efw_area1,3,0.005381841052281647,0.006706704770468599,0.42275706551995307,551,0.0055572033617651015,"lag_gdppc_growth_5y,lag_gdppc_log,lag_efw_summary,trade_gdp,inflation_cpi,gcf_gdp,gov_consumption_gdp",868302632f1f78e806748c2cbf7becc63dcb02d41e25254899706480a7e30feb,0.700450432086981
A_linear_gdppc_growth_5y_d_efw_area2,A,gdppc_growth_5y,d_efw_area2,0,0.0209874607571675,0.0069648452771478185,0.0026645664399795876,972,0.011044730470160436,"lag_gdppc_growth_5y,lag_gdppc_log,lag_efw_summary,trade_gdp,inflation_cpi,gcf_gdp,gov_consumption_gdp",868302632f1f78e806748c2cbf7becc63dcb02d41e25254899706480a7e30feb,0.0865797012633444
A_linear_gdppc_growth_5y_d_efw_area2,A,gdppc_growth_5y,d_efw_area2,1,0.006797370505961004,0.008318568059614565,0.4141424328260994,834,0.003577141895001195,"lag_gdppc_growth_5y,lag_gdppc_log,lag_efw_summary,trade_gdp,inflation_cpi,gcf_gdp,gov_consumption_gdp",868302632f1f78e806748c2cbf7becc63dcb02d41e25254899706480a7e30feb,0.6929710014614932
A_linear_gdppc_growth_5y_d_efw_area2,A,gdppc_growth_5y,d_efw_area2,2,0.0018953056359475346,0.009509129250774967,0.8420928891298574,691,0.0009974117474153032,"lag_gdppc_growth_5y,lag_gdppc_log,lag_efw_summary,trade_gdp,inflation_cpi,gcf_gdp,gov_consumption_gdp",868302632f1f78e806748c2cbf7becc63dcb02d41e25254899706480a7e30feb,0.9432715634189632
A_linear_gdppc_growth_5y_d_efw_area2,A,gdppc_growth_5y,d_efw_area2,3,0.011992710977657016,0.009931422411307646,0.2279208135323305,551,0.006311209435353937,"lag_gdppc_growth_5y,lag_gdppc_log,lag_efw_summary,trade_gdp,inflation_cpi,gcf_gdp,gov_consumption_gdp",868302632f1f78e806748c2cbf7becc63dcb02d41e25254899706480a7e30feb,0.6559424983627763
A_linear_gdppc_growth_5y_d_efw_area3,A,gdppc_growth_5y,d_efw_area3,0,0.013892579745568616,0.0035693056089422985,0.00010751350793491987,972,0.02186189701051663,"lag_gdppc_growth_5y,lag_gdppc_log,lag_efw_summary,trade_gdp,inflation_cpi,gcf_gdp,gov_consumption_gdp",868302632f1f78e806748c2cbf7becc63dcb02d41e25254899706480a7e30feb,0.004542445710250365
A_linear_gdppc_growth_5y_d_efw_area3,A,gdppc_growth_5y,d_efw_area3,1,0.002313828481539845,0.003238573380633727,0.4751913892786659,834,0.003641129357530549,"lag_gdppc_growth_5y,lag_gdppc_log,lag_efw_summary,trade_gdp,inflation_cpi,gcf_gdp,gov_consumption_gdp",868302632f1f78e806748c2cbf7becc63dcb02d41e25254899706480a7e30feb,0.7418243037759423
A_linear_gdppc_growth_5y_d_efw_area3,A,gdppc_growth_5y,d_efw_area3,2,0.0020294952174230744,0.004270025454349846,0.6347758604422811,691,0.00319369161374019,"lag_gdppc_growth_5y,lag_gdppc_log,lag_efw_summary,trade_gdp,inflation_cpi,gcf_gdp,gov_consumption_gdp",868302632f1f78e806748c2cbf7becc63dcb02d41e25254899706480a7e30feb,0.8231170509701509
A_linear_gdppc_growth_5y_d_efw_area3,A,gdppc_growth_5y,d_efw_area3,3,-0.007323775153557619,0.003923393185674624,0.06266314253635263,551,-0.011524973839817538,"lag_gdppc_growth_5y,lag_gdppc_log,lag_efw_summary,trade_gdp,inflation_cpi,gcf_gdp,gov_consumption_gdp",868302632f1f78e806748c2cbf7becc63dcb02d41e25254899706480a7e30feb,0.45424090713468807
A_linear_gdppc_growth_5y_d_efw_area4,A,gdppc_growth_5y,d_efw_area4,0,0.00862861320593063,0.005367278616620195,0.10834160014951033,899,0.009567154298962507,"lag_gdppc_growth_5y,lag_gdppc_log,lag_efw_summary,trade_gdp,inflation_cpi,gcf_gdp,gov_consumption_gdp",868302632f1f78e806748c2cbf7becc63dcb02d41e25254899706480a7e30feb,0.5009786363483659
A_linear_gdppc_growth_5y_d_efw_area4,A,gdppc_growth_5y,d_efw_area4,1,0.004412448550398565,0.0047771768364184555,0.3560309955717109,764,0.004892394074273897,"lag_gdppc_growth_5y,lag_gdppc_log,lag_efw_summary,trade_gdp,inflation_cpi,gcf_gdp,gov_consumption_gdp",868302632f1f78e806748c2cbf7becc63dcb02d41e25254899706480a7e30feb,0.6837413437683995
A_linear_gdppc_growth_5y_d_efw_area4,A,gdppc_growth_5y,d_efw_area4,2,0.005046556470372407,0.004221620626079431,0.2325072936128061,631,0.0055954744149727025,"lag_gdppc_growth_5y,lag_gdppc_log,lag_efw_summary,trade_gdp,inflation_cpi,gcf_gdp,gov_consumption_gdp",868302632f1f78e806748c2cbf7becc63dcb02d41e25254899706480a7e30feb,0.6559424983627763
A_linear_gdppc_growth_5y_d_efw_area4,A,gdppc_growth_5y,d_efw_area4,3,-0.0017804813075008694,0.006514054277869738,0.7847478772323102,507,-0.0019741456696159934,"lag_gdppc_growth_5y,lag_gdppc_log,lag_efw_summary,trade_gdp,inflation_cpi,gcf_gdp,gov_consumption_gdp",868302632f1f78e806748c2cbf7becc63dcb02d41e25254899706480a7e30feb,0.929479578336487
A_linear_gdppc_growth_5y_d_efw_area5,A,gdppc_growth_5y,d_efw_area5,0,0.020616605296824225,0.0074392866606826724,0.005712160046055903,967,0.01419152682866142,"lag_gdppc_growth_5y,lag_gdppc_log,lag_efw_summary,trade_gdp,inflation_cpi,gcf_gdp,gov_consumption_gdp",868302632f1f78e806748c2cbf7becc63dcb02d41e25254899706480a7e30feb,0.12066938097293095
A_linear_gdppc_growth_5y_d_efw_area5,A,gdppc_growth_5y,d_efw_area5,1,0.007242383447571184,0.006691045103341546,0.27946622715916547,829,0.0049853250581215775,"lag_gdppc_growth_5y,lag_gdppc_log,lag_efw_summary,trade_gdp,inflation_cpi,gcf_gdp,gov_consumption_gdp",868302632f1f78e806748c2cbf7becc63dcb02d41e25254899706480a7e30feb,0.6585901837195639
A_linear_gdppc_growth_5y_d_efw_area5,A,gdppc_growth_5y,d_efw_area5,2,-0.0014543037077311147,0.00837692507083922,0.8622398467777415,686,-0.0010010760640825327,"lag_gdppc_growth_5y,lag_gdppc_log,lag_efw_summary,trade_gdp,inflation_cpi,gcf_gdp,gov_consumption_gdp",868302632f1f78e806748c2cbf7becc63dcb02d41e25254899706480a7e30feb,0.946224247437911
A_linear_gdppc_growth_5y_d_efw_area5,A,gdppc_growth_5y,d_efw_area5,3,-0.021913346399818536,0.010159923325835133,0.03161023165741805,546,-0.015084144012141502,"lag_gdppc_growth_5y,lag_gdppc_log,lag_efw_summary,trade_gdp,inflation_cpi,gcf_gdp,gov_consumption_gdp",868302632f1f78e806748c2cbf7becc63dcb02d41e25254899706480a7e30feb,0.3338830718814782
A_asym_gdppc_growth_5y,A,gdppc_growth_5y,d_efw_summary_pos,0,0.04782801592814186,0.01610786195072365,0.0030738355478110435,972,0.018265615861815323,"lag_gdppc_growth_5y,lag_gdppc_log,lag_efw_summary,trade_gdp,inflation_cpi,gcf_gdp,gov_consumption_gdp",868302632f1f78e806748c2cbf7becc63dcb02d41e25254899706480a7e30feb,0.0865797012633444
A_asym_gdppc_growth_5y,A,gdppc_growth_5y,d_efw_summary_neg,0,0.07816229132849908,0.02714422573047589,0.0040882139195206335,972,0.023270123012410764,"lag_gdppc_growth_5y,lag_gdppc_log,lag_efw_summary,trade_gdp,inflation_cpi,gcf_gdp,gov_consumption_gdp",868302632f1f78e806748c2cbf7becc63dcb02d41e25254899706480a7e30feb,0.09870116462842672
A_asym_gdppc_growth_5y,A,gdppc_growth_5y,d_efw_summary_pos,1,0.0010303066920829718,0.019295711419789578,0.9574325787527409,834,0.0003934762061993053,"lag_gdppc_growth_5y,lag_gdppc_log,lag_efw_summary,trade_gdp,inflation_cpi,gcf_gdp,gov_consumption_gdp",868302632f1f78e806748c2cbf7becc63dcb02d41e25254899706480a7e30feb,0.9893101785676732
A_asym_gdppc_growth_5y,A,gdppc_growth_5y,d_efw_summary_neg,1,0.036194933232704174,0.028595066335596584,0.20603279197836422,834,0.01077579142621578,"lag_gdppc_growth_5y,lag_gdppc_log,lag_efw_summary,trade_gdp,inflation_cpi,gcf_gdp,gov_consumption_gdp",868302632f1f78e806748c2cbf7becc63dcb02d41e25254899706480a7e30feb,0.6552544572006377
A_asym_gdppc_growth_5y,A,gdppc_growth_5y,d_efw_summary_pos,2,-0.0037500798695304523,0.017988671098392386,0.8349425918700899,691,-0.0014321630746899966,"lag_gdppc_growth_5y,lag_gdppc_log,lag_efw_summary,trade_gdp,inflation_cpi,gcf_gdp,gov_consumption_gdp",868302632f1f78e806748c2cbf7becc63dcb02d41e25254899706480a7e30feb,0.9432715634189632
A_asym_gdppc_growth_5y,A,gdppc_growth_5y,d_efw_summary_neg,2,0.03644569123866947,0.020683827553160488,0.07863712980015825,691,0.01085044596289812,"lag_gdppc_growth_5y,lag_gdppc_log,lag_efw_summary,trade_gdp,inflation_cpi,gcf_gdp,gov_consumption_gdp",868302632f1f78e806748c2cbf7becc63dcb02d41e25254899706480a7e30feb,0.4776621623219847
A_asym_gdppc_growth_5y,A,gdppc_growth_5y,d_efw_summary_pos,3,-0.001028266145041918,0.02113875143451658,0.9612271988212451,551,-0.00039269691716386113,"lag_gdppc_growth_5y,lag_gdppc_log,lag_efw_summary,trade_gdp,inflation_cpi,gcf_gdp,gov_consumption_gdp",868302632f1f78e806748c2cbf7becc63dcb02d41e25254899706480a7e30feb,0.9893101785676732
A_asym_gdppc_growth_5y,A,gdppc_growth_5y,d_efw_summary_neg,3,-0.06276972472811111,0.04632565333685651,0.17618154296747401,551,-0.01868751786893599,"lag_gdppc_growth_5y,lag_gdppc_log,lag_efw_summary,trade_gdp,inflation_cpi,gcf_gdp,gov_consumption_gdp",868302632f1f78e806748c2cbf7becc63dcb02d41e25254899706480a7e30feb,0.6203058491979815
A_linear_pwt_tfp_growth_5y_d_efw_summary,A,pwt_tfp_growth_5y,d_efw_summary,0,0.03602759336057082,0.014395379418632002,0.0126271428608693,648,0.02012378899046931,"lag_pwt_tfp_growth_5y,lag_gdppc_growth_5y,lag_gdppc_log,lag_efw_summary,trade_gdp,inflation_cpi,gcf_gdp,gov_consumption_gdp",868302632f1f78e806748c2cbf7becc63dcb02d41e25254899706480a7e30feb,0.20023263882675268
A_linear_pwt_tfp_growth_5y_d_efw_summary,A,pwt_tfp_growth_5y,d_efw_summary,1,0.01009599928132088,0.011665181224092208,0.38726744657760315,542,0.005639282012314025,"lag_pwt_tfp_growth_5y,lag_gdppc_growth_5y,lag_gdppc_log,lag_efw_summary,trade_gdp,inflation_cpi,gcf_gdp,gov_consumption_gdp",868302632f1f78e806748c2cbf7becc63dcb02d41e25254899706480a7e30feb,0.6929710014614932
A_linear_pwt_tfp_growth_5y_d_efw_summary,A,pwt_tfp_growth_5y,d_efw_summary,2,0.002626760100890761,0.014665695691907604,0.8579639586377521,438,0.001467218902741386,"lag_pwt_tfp_growth_5y,lag_gdppc_growth_5y,lag_gdppc_log,lag_efw_summary,trade_gdp,inflation_cpi,gcf_gdp,gov_consumption_gdp",868302632f1f78e806748c2cbf7becc63dcb02d41e25254899706480a7e30feb,0.946224247437911
A_linear_pwt_tfp_growth_5y_d_efw_summary,A,pwt_tfp_growth_5y,d_efw_summary,3,-0.006306305110140887,0.012299807214511372,0.6086010672187316,340,-0.003522487668712347,"lag_pwt_tfp_growth_5y,lag_gdppc_growth_5y,lag_gdppc_log,lag_efw_summary,trade_gdp,inflation_cpi,gcf_gdp,gov_consumption_gdp",868302632f1f78e806748c2cbf7becc63dcb02d41e25254899706480a7e30feb,0.8119337408967178
A_linear_pwt_tfp_growth_5y_d_efw_area1,A,pwt_tfp_growth_5y,d_efw_area1,0,-0.0017700152339932137,0.007036560620494899,0.8014908122034754,648,-0.0018276895421414179,"lag_pwt_tfp_growth_5y,lag_gdppc_growth_5y,lag_gdppc_log,lag_efw_summary,trade_gdp,inflation_cpi,gcf_gdp,gov_consumption_gdp",868302632f1f78e806748c2cbf7becc63dcb02d41e25254899706480a7e30feb,0.929479578336487
A_linear_pwt_tfp_growth_5y_d_efw_area1,A,pwt_tfp_growth_5y,d_efw_area1,1,0.0039883578100860404,0.007568993756105546,0.5985171686147792,542,0.004118314757871881,"lag_pwt_tfp_growth_5y,lag_gdppc_growth_5y,lag_gdppc_log,lag_efw_summary,trade_gdp,inflation_cpi,gcf_gdp,gov_consumption_gdp",868302632f1f78e806748c2cbf7becc63dcb02d41e25254899706480a7e30feb,0.8119337408967178
A_linear_pwt_tfp_growth_5y_d_efw_area1,A,pwt_tfp_growth_5y,d_efw_area1,2,-0.003026402171832422,0.01182045885038568,0.7980894898777895,438,-0.003125014685491345,"lag_pwt_tfp_growth_5y,lag_gdppc_growth_5y,lag_gdppc_log,lag_efw_summary,trade_gdp,inflation_cpi,gcf_gdp,gov_consumption_gdp",868302632f1f78e806748c2cbf7becc63dcb02d41e25254899706480a7e30feb,0.929479578336487
A_linear_pwt_tfp_growth_5y_d_efw_area1,A,pwt_tfp_growth_5y,d_efw_area1,3,0.0018444719691846291,0.006697849087432999,0.7832487747759749,340,0.001904572381135031,"lag_pwt_tfp_growth_5y,lag_gdppc_growth_5y,lag_gdppc_log,lag_efw_summary,trade_gdp,inflation_cpi,gcf_gdp,gov_consumption_gdp",868302632f1f78e806748c2cbf7becc63dcb02d41e25254899706480a7e30feb,0.929479578336487
A_linear_pwt_tfp_growth_5y_d_efw_area2,A,pwt_tfp_growth_5y,d_efw_area2,0,0.007097515309901046,0.006733415998773019,0.29233412992888796,648,0.0037350942313935233,"lag_pwt_tfp_growth_5y,lag_gdppc_growth_5y,lag_gdppc_log,lag_efw_summary,trade_gdp,inflation_cpi,gcf_gdp,gov_consumption_gdp",868302632f1f78e806748c2cbf7becc63dcb02d41e25254899706480a7e30feb,0.6585901837195639
A_linear_pwt_tfp_growth_5y_d_efw_area2,A,pwt_tfp_growth_5y,d_efw_area2,1,0.008879935950893005,0.007432808397049654,0.23287899350157737,542,0.004673099823970206,"lag_pwt_tfp_growth_5y,lag_gdppc_growth_5y,lag_gdppc_log,lag_efw_summary,trade_gdp,inflation_cpi,gcf_gdp,gov_consumption_gdp",868302632f1f78e806748c2cbf7becc63dcb02d41e25254899706480a7e30feb,0.6559424983627763
A_linear_pwt_tfp_growth_5y_d_efw_area2,A,pwt_tfp_growth_5y,d_efw_area2,2,0.008419192675347633,0.007737653493433835,0.27736812801378763,438,0.004430631935490672,"lag_pwt_tfp_growth_5y,lag_gdppc_growth_5y,lag_gdppc_log,lag_efw_summary,trade_gdp,inflation_cpi,gcf_gdp,gov_consumption_gdp",868302632f1f78e806748c2cbf7becc63dcb02d41e25254899706480a7e30feb,0.6585901837195639
A_linear_pwt_tfp_growth_5y_d_efw_area2,A,pwt_tfp_growth_5y,d_efw_area2,3,0.006170679295761737,0.008606411863490891,0.47404920990074695,340,0.003247343279306072,"lag_pwt_tfp_growth_5y,lag_gdppc_growth_5y,lag_gdppc_log,lag_efw_summary,trade_gdp,inflation_cpi,gcf_gdp,gov_consumption_gdp",868302632f1f78e806748c2cbf7becc63dcb02d41e25254899706480a7e30feb,0.7418243037759423
A_linear_pwt_tfp_growth_5y_d_efw_area3,A,pwt_tfp_growth_5y,d_efw_area3,0,0.008113993137595477,0.004298267494868216,0.05961268228748917,648,0.01276849120659056,"lag_pwt_tfp_growth_5y,lag_gdppc_growth_5y,lag_gdppc_log,lag_efw_summary,trade_gdp,inflation_cpi,gcf_gdp,gov_consumption_gdp",868302632f1f78e806748c2cbf7becc63dcb02d41e25254899706480a7e30feb,0.45424090713468807
A_linear_pwt_tfp_growth_5y_d_efw_area3,A,pwt_tfp_growth_5y,d_efw_area3,1,-0.001579053643887165,0.0034033421075797643,0.6429079924737273,542,-0.0024848594551169353,"lag_pwt_tfp_growth_5y,lag_gdppc_growth_5y,lag_gdppc_log,lag_efw_summary,trade_gdp,inflation_cpi,gcf_gdp,gov_consumption_gdp",868302632f1f78e806748c2cbf7becc63dcb02d41e25254899706480a7e30feb,0.8231170509701509
A_linear_pwt_tfp_growth_5y_d_efw_area3,A,pwt_tfp_growth_5y,d_efw_area3,2,0.004388382065882181,0.004366629150656262,0.31565565018511643,438,0.0069057265478513,"lag_pwt_tfp_growth_5y,lag_gdppc_growth_5y,lag_gdppc_log,lag_efw_summary,trade_gdp,inflation_cpi,gcf_gdp,gov_consumption_gdp",868302632f1f78e806748c2cbf7becc63dcb02d41e25254899706480a7e30feb,0.6585901837195639
A_linear_pwt_tfp_growth_5y_d_efw_area3,A,pwt_tfp_growth_5y,d_efw_area3,3,-0.00888537046738474,0.005217178385706109,0.0897874095406117,340,-0.013982360196292011,"lag_pwt_tfp_growth_5y,lag_gdppc_growth_5y,lag_gdppc_log,lag_efw_summary,trade_gdp,inflation_cpi,gcf_gdp,gov_consumption_gdp",868302632f1f78e806748c2cbf7becc63dcb02d41e25254899706480a7e30feb,0.48682341603492446
A_linear_pwt_tfp_growth_5y_d_efw_area4,A,pwt_tfp_growth_5y,d_efw_area4,0,0.010171353358660344,0.006259435451491471,0.10480176821256793,619,0.01127769952009092,"lag_pwt_tfp_growth_5y,lag_gdppc_growth_5y,lag_gdppc_log,lag_efw_summary,trade_gdp,inflation_cpi,gcf_gdp,gov_consumption_gdp",868302632f1f78e806748c2cbf7becc63dcb02d41e25254899706480a7e30feb,0.5009786363483659
A_linear_pwt_tfp_growth_5y_d_efw_area4,A,pwt_tfp_growth_5y,d_efw_area4,1,0.0030588530187392656,0.003663372258738653,0.40422578686899113,516,0.0033915668844689524,"lag_pwt_tfp_growth_5y,lag_gdppc_growth_5y,lag_gdppc_log,lag_efw_summary,trade_gdp,inflation_cpi,gcf_gdp,gov_consumption_gdp",868302632f1f78e806748c2cbf7becc63dcb02d41e25254899706480a7e30feb,0.6929710014614932
A_linear_pwt_tfp_growth_5y_d_efw_area4,A,pwt_tfp_growth_5y,d_efw_area4,2,0.00019092693585822073,0.004201841185941359,0.9637863789259526,417,0.00021169420990249457,"lag_pwt_tfp_growth_5y,lag_gdppc_growth_5y,lag_gdppc_log,lag_efw_summary,trade_gdp,inflation_cpi,gcf_gdp,gov_consumption_gdp",868302632f1f78e806748c2cbf7becc63dcb02d41e25254899706480a7e30feb,0.9893101785676732
A_linear_pwt_tfp_growth_5y_d_efw_area4,A,pwt_tfp_growth_5y,d_efw_area4,3,0.007582260197806103,0.003965815000187614,0.05706936969146548,330,0.008406988645340391,"lag_pwt_tfp_growth_5y,lag_gdppc_growth_5y,lag_gdppc_log,lag_efw_summary,trade_gdp,inflation_cpi,gcf_gdp,gov_consumption_gdp",868302632f1f78e806748c2cbf7becc63dcb02d41e25254899706480a7e30feb,0.45424090713468807
A_linear_pwt_tfp_growth_5y_d_efw_area5,A,pwt_tfp_growth_5y,d_efw_area5,0,0.009826235755644274,0.010342021807629605,0.3424848213778,648,0.006763930644414023,"lag_pwt_tfp_growth_5y,lag_gdppc_growth_5y,lag_gdppc_log,lag_efw_summary,trade_gdp,inflation_cpi,gcf_gdp,gov_consumption_gdp",868302632f1f78e806748c2cbf7becc63dcb02d41e25254899706480a7e30feb,0.6837413437683995
A_linear_pwt_tfp_growth_5y_d_efw_area5,A,pwt_tfp_growth_5y,d_efw_area5,1,0.003971973501284263,0.0071324513051363595,0.5779001599706342,542,0.0027341246385936694,"lag_pwt_tfp_growth_5y,lag_gdppc_growth_5y,lag_gdppc_log,lag_efw_summary,trade_gdp,inflation_cpi,gcf_gdp,gov_consumption_gdp",868302632f1f78e806748c2cbf7becc63dcb02d41e25254899706480a7e30feb,0.81097753712764
A_linear_pwt_tfp_growth_5y_d_efw_area5,A,pwt_tfp_growth_5y,d_efw_area5,2,0.0014214222451467058,0.00725377785173238,0.8447673444338086,438,0.0009784419712377643,"lag_pwt_tfp_growth_5y,lag_gdppc_growth_5y,lag_gdppc_log,lag_efw_summary,trade_gdp,inflation_cpi,gcf_gdp,gov_consumption_gdp",868302632f1f78e806748c2cbf7becc63dcb02d41e25254899706480a7e30feb,0.9432715634189632
A_linear_pwt_tfp_growth_5y_d_efw_area5,A,pwt_tfp_growth_5y,d_efw_area5,3,-0.018000949636646106,0.0069916400555358905,0.010608459607699627,340,-0.012391029271399855,"lag_pwt_tfp_growth_5y,lag_gdppc_growth_5y,lag_gdppc_log,lag_efw_summary,trade_gdp,inflation_cpi,gcf_gdp,gov_consumption_gdp",868302632f1f78e806748c2cbf7becc63dcb02d41e25254899706480a7e30feb,0.19920329707791523
A_asym_pwt_tfp_growth_5y,A,pwt_tfp_growth_5y,d_efw_summary_pos,0,0.017466338035965336,0.022327545515815138,0.4344048177129267,648,0.006670429765618575,"lag_pwt_tfp_growth_5y,lag_gdppc_growth_5y,lag_gdppc_log,lag_efw_summary,trade_gdp,inflation_cpi,gcf_gdp,gov_consumption_gdp",868302632f1f78e806748c2cbf7becc63dcb02d41e25254899706480a7e30feb,0.7059078287835059
A_asym_pwt_tfp_growth_5y,A,pwt_tfp_growth_5y,d_efw_summary_neg,0,0.07211583200265519,0.043498906598792096,0.09794080559282503,648,0.021469998554562074,"lag_pwt_tfp_growth_5y,lag_gdppc_growth_5y,lag_gdppc_log,lag_efw_summary,trade_gdp,inflation_cpi,gcf_gdp,gov_consumption_gdp",868302632f1f78e806748c2cbf7becc63dcb02d41e25254899706480a7e30feb,0.48682341603492446
A_asym_pwt_tfp_growth_5y,A,pwt_tfp_growth_5y,d_efw_summary_pos,1,0.00438605577159779,0.0162603269189418,0.7874929902033809,542,0.001675043555912266,"lag_pwt_tfp_growth_5y,lag_gdppc_growth_5y,lag_gdppc_log,lag_efw_summary,trade_gdp,inflation_cpi,gcf_gdp,gov_consumption_gdp",868302632f1f78e806748c2cbf7becc63dcb02d41e25254899706480a7e30feb,0.929479578336487
A_asym_pwt_tfp_growth_5y,A,pwt_tfp_growth_5y,d_efw_summary_neg,1,0.021427073629369037,0.022851827391274965,0.34896187787068333,542,0.006379171217689209,"lag_pwt_tfp_growth_5y,lag_gdppc_growth_5y,lag_gdppc_log,lag_efw_summary,trade_gdp,inflation_cpi,gcf_gdp,gov_consumption_gdp",868302632f1f78e806748c2cbf7becc63dcb02d41e25254899706480a7e30feb,0.6837413437683995
A_asym_pwt_tfp_growth_5y,A,pwt_tfp_growth_5y,d_efw_summary_pos,2,0.011830983110381318,0.018007387072483647,0.511644134832747,438,0.004518276340095838,"lag_pwt_tfp_growth_5y,lag_gdppc_growth_5y,lag_gdppc_log,lag_efw_summary,trade_gdp,inflation_cpi,gcf_gdp,gov_consumption_gdp",868302632f1f78e806748c2cbf7becc63dcb02d41e25254899706480a7e30feb,0.7652022901480906
A_asym_pwt_tfp_growth_5y,A,pwt_tfp_growth_5y,d_efw_summary_neg,2,-0.01652563333542565,0.022771794044945975,0.4685443459673977,438,-0.004919936634881342,"lag_pwt_tfp_growth_5y,lag_gdppc_growth_5y,lag_gdppc_log,lag_efw_summary,trade_gdp,inflation_cpi,gcf_gdp,gov_consumption_gdp",868302632f1f78e806748c2cbf7becc63dcb02d41e25254899706480a7e30feb,0.7418243037759423
A_asym_pwt_tfp_growth_5y,A,pwt_tfp_growth_5y,d_efw_summary_pos,3,-0.0162105276369555,0.018205505735431875,0.37409704033129865,340,-0.006190833238385466,"lag_pwt_tfp_growth_5y,lag_gdppc_growth_5y,lag_gdppc_log,lag_efw_summary,trade_gdp,inflation_cpi,gcf_gdp,gov_consumption_gdp",868302632f1f78e806748c2cbf7becc63dcb02d41e25254899706480a7e30feb,0.6929710014614932
A_asym_pwt_tfp_growth_5y,A,pwt_tfp_growth_5y,d_efw_summary_neg,3,0.014588769156068854,0.021548952382698015,0.49902812702813737,340,0.004343302212503154,"lag_pwt_tfp_growth_5y,lag_gdppc_growth_5y,lag_gdppc_log,lag_efw_summary,trade_gdp,inflation_cpi,gcf_gdp,gov_consumption_gdp",868302632f1f78e806748c2cbf7becc63dcb02d41e25254899706480a7e30feb,0.752997798819243
A_linear_pwt_inv_share_change_d_efw_summary,A,pwt_inv_share_change,d_efw_summary,0,0.015895842865812942,0.009379846103377203,0.09060351114511467,825,0.008878877488590828,"lag_gdppc_growth_5y,lag_gdppc_log,lag_efw_summary,trade_gdp,inflation_cpi,gcf_gdp,gov_consumption_gdp",868302632f1f78e806748c2cbf7becc63dcb02d41e25254899706480a7e30feb,0.48682341603492446
A_linear_pwt_inv_share_change_d_efw_summary,A,pwt_inv_share_change,d_efw_summary,1,0.0012863101843409188,0.0062446543697794185,0.8368810947684457,685,0.000718489144331738,"lag_gdppc_growth_5y,lag_gdppc_log,lag_efw_summary,trade_gdp,inflation_cpi,gcf_gdp,gov_consumption_gdp",868302632f1f78e806748c2cbf7becc63dcb02d41e25254899706480a7e30feb,0.9432715634189632
A_linear_pwt_inv_share_change_d_efw_summary,A,pwt_inv_share_change,d_efw_summary,2,-0.02130960975910328,0.009874105322318305,0.03150772856363515,547,-0.011902823648796886,"lag_gdppc_growth_5y,lag_gdppc_log,lag_efw_summary,trade_gdp,inflation_cpi,gcf_gdp,gov_consumption_gdp",868302632f1f78e806748c2cbf7becc63dcb02d41e25254899706480a7e30feb,0.3338830718814782
A_linear_pwt_inv_share_change_d_efw_summary,A,pwt_inv_share_change,d_efw_summary,3,-0.020081544354956463,0.008229624711768765,0.015255920896239061,418,-0.011216868058807557,"lag_gdppc_growth_5y,lag_gdppc_log,lag_efw_summary,trade_gdp,inflation_cpi,gcf_gdp,gov_consumption_gdp",868302632f1f78e806748c2cbf7becc63dcb02d41e25254899706480a7e30feb,0.2148542192887001
A_linear_pwt_inv_share_change_d_efw_area1,A,pwt_inv_share_change,d_efw_area1,0,0.002952514969638944,0.004851129522412849,0.5429810608546684,825,0.0030487199372012715,"lag_gdppc_growth_5y,lag_gdppc_log,lag_efw_summary,trade_gdp,inflation_cpi,gcf_gdp,gov_consumption_gdp",868302632f1f78e806748c2cbf7becc63dcb02d41e25254899706480a7e30feb,0.7843458387336814
A_linear_pwt_inv_share_change_d_efw_area1,A,pwt_inv_share_change,d_efw_area1,1,-0.002435902041552749,0.003854345696322075,0.5276669212971481,685,-0.0025152736550085298,"lag_gdppc_growth_5y,lag_gdppc_log,lag_efw_summary,trade_gdp,inflation_cpi,gcf_gdp,gov_consumption_gdp",868302632f1f78e806748c2cbf7becc63dcb02d41e25254899706480a7e30feb,0.7754409539062438
A_linear_pwt_inv_share_change_d_efw_area1,A,pwt_inv_share_change,d_efw_area1,2,-0.00558619159833003,0.006297682605084522,0.3755953622934767,547,-0.005768212481218223,"lag_gdppc_growth_5y,lag_gdppc_log,lag_efw_summary,trade_gdp,inflation_cpi,gcf_gdp,gov_consumption_gdp",868302632f1f78e806748c2cbf7becc63dcb02d41e25254899706480a7e30feb,0.6929710014614932
A_linear_pwt_inv_share_change_d_efw_area1,A,pwt_inv_share_change,d_efw_area1,3,-0.0021967006679540096,0.004536279083474608,0.6285582689833698,418,-0.0022682781260457805,"lag_gdppc_growth_5y,lag_gdppc_log,lag_efw_summary,trade_gdp,inflation_cpi,gcf_gdp,gov_consumption_gdp",868302632f1f78e806748c2cbf7becc63dcb02d41e25254899706480a7e30feb,0.8231170509701509
A_linear_pwt_inv_share_change_d_efw_area2,A,pwt_inv_share_change,d_efw_area2,0,-0.0009305437079007012,0.005830566366683679,0.8732465514124277,825,-0.0004897021399292912,"lag_gdppc_growth_5y,lag_gdppc_log,lag_efw_summary,trade_gdp,inflation_cpi,gcf_gdp,gov_consumption_gdp",868302632f1f78e806748c2cbf7becc63dcb02d41e25254899706480a7e30feb,0.9521204334754857
A_linear_pwt_inv_share_change_d_efw_area2,A,pwt_inv_share_change,d_efw_area2,1,0.006092023753061231,0.005290423634261856,0.25003794318396455,685,0.0032059505029639122,"lag_gdppc_growth_5y,lag_gdppc_log,lag_efw_summary,trade_gdp,inflation_cpi,gcf_gdp,gov_consumption_gdp",868302632f1f78e806748c2cbf7becc63dcb02d41e25254899706480a7e30feb,0.6585901837195639
A_linear_pwt_inv_share_change_d_efw_area2,A,pwt_inv_share_change,d_efw_area2,2,-0.011611548782968195,0.007719884175060573,0.1333365197392704,547,-0.006110621391165926,"lag_gdppc_growth_5y,lag_gdppc_log,lag_efw_summary,trade_gdp,inflation_cpi,gcf_gdp,gov_consumption_gdp",868302632f1f78e806748c2cbf7becc63dcb02d41e25254899706480a7e30feb,0.5479492016853205
A_linear_pwt_inv_share_change_d_efw_area2,A,pwt_inv_share_change,d_efw_area2,3,0.005930961647582674,0.006398797462463167,0.3547253861789179,418,0.003121190961800282,"lag_gdppc_growth_5y,lag_gdppc_log,lag_efw_summary,trade_gdp,inflation_cpi,gcf_gdp,gov_consumption_gdp",868302632f1f78e806748c2cbf7becc63dcb02d41e25254899706480a7e30feb,0.6837413437683995
A_linear_pwt_inv_share_change_d_efw_area3,A,pwt_inv_share_change,d_efw_area3,0,0.003948320925224117,0.0020439321250301412,0.053816989095269774,825,0.006213229437048982,"lag_gdppc_growth_5y,lag_gdppc_log,lag_efw_summary,trade_gdp,inflation_cpi,gcf_gdp,gov_consumption_gdp",868302632f1f78e806748c2cbf7becc63dcb02d41e25254899706480a7e30feb,0.45424090713468807
A_linear_pwt_inv_share_change_d_efw_area3,A,pwt_inv_share_change,d_efw_area3,1,-0.0006373810728956401,0.0016244588451216427,0.694946154097285,685,-0.0010030073339360739,"lag_gdppc_growth_5y,lag_gdppc_log,lag_efw_summary,trade_gdp,inflation_cpi,gcf_gdp,gov_consumption_gdp",868302632f1f78e806748c2cbf7becc63dcb02d41e25254899706480a7e30feb,0.8764619406152326
A_linear_pwt_inv_share_change_d_efw_area3,A,pwt_inv_share_change,d_efw_area3,2,-0.0002463132752158931,0.0026114735788556626,0.9249021172502989,547,-0.0003876080291574741,"lag_gdppc_growth_5y,lag_gdppc_log,lag_efw_summary,trade_gdp,inflation_cpi,gcf_gdp,gov_consumption_gdp",868302632f1f78e806748c2cbf7becc63dcb02d41e25254899706480a7e30feb,0.9892940368056995
A_linear_pwt_inv_share_change_d_efw_area3,A,pwt_inv_share_change,d_efw_area3,3,-0.008235755012327492,0.0019716176000040327,3.867661629719521e-05,418,-0.012960100368744037,"lag_gdppc_growth_5y,lag_gdppc_log,lag_efw_summary,trade_gdp,inflation_cpi,gcf_gdp,gov_consumption_gdp",868302632f1f78e806748c2cbf7becc63dcb02d41e25254899706480a7e30feb,0.0021787827180753303
A_linear_pwt_inv_share_change_d_efw_area4,A,pwt_inv_share_change,d_efw_area4,0,-0.002355633489216164,0.002236596548562396,0.29265541913066273,761,-0.0026118576097077235,"lag_gdppc_growth_5y,lag_gdppc_log,lag_efw_summary,trade_gdp,inflation_cpi,gcf_gdp,gov_consumption_gdp",868302632f1f78e806748c2cbf7becc63dcb02d41e25254899706480a7e30feb,0.6585901837195639
A_linear_pwt_inv_share_change_d_efw_area4,A,pwt_inv_share_change,d_efw_area4,1,0.0016246399375701647,0.002717207588512568,0.5501793094577181,628,0.001801353310437814,"lag_gdppc_growth_5y,lag_gdppc_log,lag_efw_summary,trade_gdp,inflation_cpi,gcf_gdp,gov_consumption_gdp",868302632f1f78e806748c2cbf7becc63dcb02d41e25254899706480a7e30feb,0.7879686720199521
A_linear_pwt_inv_share_change_d_efw_area4,A,pwt_inv_share_change,d_efw_area4,2,-0.0031830317409401216,0.003132765123166244,0.31025421339480097,504,-0.0035292526246440974,"lag_gdppc_growth_5y,lag_gdppc_log,lag_efw_summary,trade_gdp,inflation_cpi,gcf_gdp,gov_consumption_gdp",868302632f1f78e806748c2cbf7becc63dcb02d41e25254899706480a7e30feb,0.6585901837195639
A_linear_pwt_inv_share_change_d_efw_area4,A,pwt_inv_share_change,d_efw_area4,3,0.0002698732640892287,0.0035755457378148997,0.9398879358744603,395,0.0002992275927876452,"lag_gdppc_growth_5y,lag_gdppc_log,lag_efw_summary,trade_gdp,inflation_cpi,gcf_gdp,gov_consumption_gdp",868302632f1f78e806748c2cbf7becc63dcb02d41e25254899706480a7e30feb,0.9893101785676732
A_linear_pwt_inv_share_change_d_efw_area5,A,pwt_inv_share_change,d_efw_area5,0,0.009830940064271978,0.005867988748785535,0.09433835732245788,820,0.006767168875012086,"lag_gdppc_growth_5y,lag_gdppc_log,lag_efw_summary,trade_gdp,inflation_cpi,gcf_gdp,gov_consumption_gdp",868302632f1f78e806748c2cbf7becc63dcb02d41e25254899706480a7e30feb,0.48682341603492446
A_linear_pwt_inv_share_change_d_efw_area5,A,pwt_inv_share_change,d_efw_area5,1,0.0038330627018324233,0.004884413142807386,0.43295178026417824,680,0.0026385048064811894,"lag_gdppc_growth_5y,lag_gdppc_log,lag_efw_summary,trade_gdp,inflation_cpi,gcf_gdp,gov_consumption_gdp",868302632f1f78e806748c2cbf7becc63dcb02d41e25254899706480a7e30feb,0.7059078287835059
A_linear_pwt_inv_share_change_d_efw_area5,A,pwt_inv_share_change,d_efw_area5,2,-0.014730761156129786,0.0067181991371757545,0.028909749294293574,542,-0.010139981298765113,"lag_gdppc_growth_5y,lag_gdppc_log,lag_efw_summary,trade_gdp,inflation_cpi,gcf_gdp,gov_consumption_gdp",868302632f1f78e806748c2cbf7becc63dcb02d41e25254899706480a7e30feb,0.3338830718814782
A_linear_pwt_inv_share_change_d_efw_area5,A,pwt_inv_share_change,d_efw_area5,3,-0.009350998302097726,0.006757124366832025,0.16742966057781272,413,-0.006436798947663275,"lag_gdppc_growth_5y,lag_gdppc_log,lag_efw_summary,trade_gdp,inflation_cpi,gcf_gdp,gov_consumption_gdp",868302632f1f78e806748c2cbf7becc63dcb02d41e25254899706480a7e30feb,0.6151220138619642
A_asym_pwt_inv_share_change,A,pwt_inv_share_change,d_efw_summary_pos,0,0.012940093117254017,0.014781270734413446,0.3816514572187528,825,0.004941847691340454,"lag_gdppc_growth_5y,lag_gdppc_log,lag_efw_summary,trade_gdp,inflation_cpi,gcf_gdp,gov_consumption_gdp",868302632f1f78e806748c2cbf7becc63dcb02d41e25254899706480a7e30feb,0.6929710014614932
A_asym_pwt_inv_share_change,A,pwt_inv_share_change,d_efw_summary_neg,0,0.02206902188945073,0.018881253127686314,0.24288994610651682,825,0.006570289143300192,"lag_gdppc_growth_5y,lag_gdppc_log,lag_efw_summary,trade_gdp,inflation_cpi,gcf_gdp,gov_consumption_gdp",868302632f1f78e806748c2cbf7becc63dcb02d41e25254899706480a7e30feb,0.6585901837195639
A_asym_pwt_inv_share_change,A,pwt_inv_share_change,d_efw_summary_pos,1,-0.00019411979408660631,0.009873032801599213,0.984320723211614,685,-7.413474134674175e-05,"lag_gdppc_growth_5y,lag_gdppc_log,lag_efw_summary,trade_gdp,inflation_cpi,gcf_gdp,gov_consumption_gdp",868302632f1f78e806748c2cbf7becc63dcb02d41e25254899706480a7e30feb,1.0
A_asym_pwt_inv_share_change,A,pwt_inv_share_change,d_efw_summary_neg,1,0.004615113493863295,0.01515787656675508,0.7608898429075661,685,0.0013739906659987874,"lag_gdppc_growth_5y,lag_gdppc_log,lag_efw_summary,trade_gdp,inflation_cpi,gcf_gdp,gov_consumption_gdp",868302632f1f78e806748c2cbf7becc63dcb02d41e25254899706480a7e30feb,0.929479578336487
A_asym_pwt_inv_share_change,A,pwt_inv_share_change,d_efw_summary_pos,2,-0.027806111738319855,0.01385911146080097,0.04548915852732782,547,-0.010619210221597758,"lag_gdppc_growth_5y,lag_gdppc_log,lag_efw_summary,trade_gdp,inflation_cpi,gcf_gdp,gov_consumption_gdp",868302632f1f78e806748c2cbf7becc63dcb02d41e25254899706480a7e30feb,0.42709265506213345
A_asym_pwt_inv_share_change,A,pwt_inv_share_change,d_efw_summary_neg,2,-0.006386169461521232,0.019319102184571505,0.7411472394172518,547,-0.0019012614193094396,"lag_gdppc_growth_5y,lag_gdppc_log,lag_efw_summary,trade_gdp,inflation_cpi,gcf_gdp,gov_consumption_gdp",868302632f1f78e806748c2cbf7becc63dcb02d41e25254899706480a7e30feb,0.9164256108230245
A_asym_pwt_inv_share_change,A,pwt_inv_share_change,d_efw_summary_pos,3,-0.02247778922476075,0.011421253798076588,0.0499780059593109,418,-0.008584313094216249,"lag_gdppc_growth_5y,lag_gdppc_log,lag_efw_summary,trade_gdp,inflation_cpi,gcf_gdp,gov_consumption_gdp",868302632f1f78e806748c2cbf7becc63dcb02d41e25254899706480a7e30feb,0.44454121090123905
A_asym_pwt_inv_share_change,A,pwt_inv_share_change,d_efw_summary_neg,3,-0.01468052045593231,0.02168407811477083,0.49891423414927605,418,-0.004370617993528534,"lag_gdppc_growth_5y,lag_gdppc_log,lag_efw_summary,trade_gdp,inflation_cpi,gcf_gdp,gov_consumption_gdp",868302632f1f78e806748c2cbf7becc63dcb02d41e25254899706480a7e30feb,0.752997798819243
A_linear_inflation_cpi_d_efw_summary,A,inflation_cpi,d_efw_summary,0,-126.51890453029813,79.75205891717096,0.11303868409870521,972,-70.66915940212311,"lag_gdppc_growth_5y,lag_gdppc_log,lag_efw_summary,trade_gdp,gcf_gdp,gov_consumption_gdp",868302632f1f78e806748c2cbf7becc63dcb02d41e25254899706480a7e30feb,0.5027246740179258
A_linear_inflation_cpi_d_efw_summary,A,inflation_cpi,d_efw_summary,1,-177.3989618367053,106.9551503153055,0.09764693188417617,849,-99.08902988333311,"lag_gdppc_growth_5y,lag_gdppc_log,lag_efw_summary,trade_gdp,gcf_gdp,gov_consumption_gdp",868302632f1f78e806748c2cbf7becc63dcb02d41e25254899706480a7e30feb,0.48682341603492446
A_linear_inflation_cpi_d_efw_summary,A,inflation_cpi,d_efw_summary,2,-74.28365051960965,74.96285442693069,0.322144643728713,716,-41.492322108153886,"lag_gdppc_growth_5y,lag_gdppc_log,lag_efw_summary,trade_gdp,gcf_gdp,gov_consumption_gdp",868302632f1f78e806748c2cbf7becc63dcb02d41e25254899706480a7e30feb,0.663932253538445
A_linear_inflation_cpi_d_efw_summary,A,inflation_cpi,d_efw_summary,3,-6.764472079557373,5.441317968815782,0.21447711109930556,583,-3.7784041636795282,"lag_gdppc_growth_5y,lag_gdppc_log,lag_efw_summary,trade_gdp,gcf_gdp,gov_consumption_gdp",868302632f1f78e806748c2cbf7becc63dcb02d41e25254899706480a7e30feb,0.6559424983627763
A_linear_inflation_cpi_d_efw_area1,A,inflation_cpi,d_efw_area1,0,37.71888523659175,38.97195674747087,0.33341011244139684,972,38.94792020101641,"lag_gdppc_growth_5y,lag_gdppc_log,lag_efw_summary,trade_gdp,gcf_gdp,gov_consumption_gdp",868302632f1f78e806748c2cbf7becc63dcb02d41e25254899706480a7e30feb,0.6788711928023622
A_linear_inflation_cpi_d_efw_area1,A,inflation_cpi,d_efw_area1,1,-45.44405530663063,31.028303048390608,0.14348750593826698,849,-46.924807787695826,"lag_gdppc_growth_5y,lag_gdppc_log,lag_efw_summary,trade_gdp,gcf_gdp,gov_consumption_gdp",868302632f1f78e806748c2cbf7becc63dcb02d41e25254899706480a7e30feb,0.558140650528664
A_linear_inflation_cpi_d_efw_area1,A,inflation_cpi,d_efw_area1,2,9.25615913042712,13.050307569713288,0.478454728470874,716,9.557762508581499,"lag_gdppc_growth_5y,lag_gdppc_log,lag_efw_summary,trade_gdp,gcf_gdp,gov_consumption_gdp",868302632f1f78e806748c2cbf7becc63dcb02d41e25254899706480a7e30feb,0.7418243037759423
A_linear_inflation_cpi_d_efw_area1,A,inflation_cpi,d_efw_area1,3,-2.1585551973558688,2.523325467463255,0.3927792482281751,583,-2.2288897205940383,"lag_gdppc_growth_5y,lag_gdppc_log,lag_efw_summary,trade_gdp,gcf_gdp,gov_consumption_gdp",868302632f1f78e806748c2cbf7becc63dcb02d41e25254899706480a7e30feb,0.6929710014614932
A_linear_inflation_cpi_d_efw_area2,A,inflation_cpi,d_efw_area2,0,1.8132606267673463,41.15195230835537,0.9648654046921976,972,0.9542352515399005,"lag_gdppc_growth_5y,lag_gdppc_log,lag_efw_summary,trade_gdp,gcf_gdp,gov_consumption_gdp",868302632f1f78e806748c2cbf7becc63dcb02d41e25254899706480a7e30feb,0.9893101785676732
A_linear_inflation_cpi_d_efw_area2,A,inflation_cpi,d_efw_area2,1,-21.042607183551493,29.108604162896192,0.46998740862891597,849,-11.073751485272792,"lag_gdppc_growth_5y,lag_gdppc_log,lag_efw_summary,trade_gdp,gcf_gdp,gov_consumption_gdp",868302632f1f78e806748c2cbf7becc63dcb02d41e25254899706480a7e30feb,0.7418243037759423
A_linear_inflation_cpi_d_efw_area2,A,inflation_cpi,d_efw_area2,2,-28.947240332736946,28.3421084000027,0.30753077385521,716,-15.233594527191675,"lag_gdppc_growth_5y,lag_gdppc_log,lag_efw_summary,trade_gdp,gcf_gdp,gov_consumption_gdp",868302632f1f78e806748c2cbf7becc63dcb02d41e25254899706480a7e30feb,0.6585901837195639
A_linear_inflation_cpi_d_efw_area2,A,inflation_cpi,d_efw_area2,3,-2.3683019941950936,1.505294353995767,0.11637460939432431,583,-1.246327866933365,"lag_gdppc_growth_5y,lag_gdppc_log,lag_efw_summary,trade_gdp,gcf_gdp,gov_consumption_gdp",868302632f1f78e806748c2cbf7becc63dcb02d41e25254899706480a7e30feb,0.504289974042072
A_linear_inflation_cpi_d_efw_area3,A,inflation_cpi,d_efw_area3,0,-64.60899143815718,51.39348618979138,0.209064458060364,972,-101.67119013478307,"lag_gdppc_growth_5y,lag_gdppc_log,lag_efw_summary,trade_gdp,gcf_gdp,gov_consumption_gdp",868302632f1f78e806748c2cbf7becc63dcb02d41e25254899706480a7e30feb,0.6552544572006377
A_linear_inflation_cpi_d_efw_area3,A,inflation_cpi,d_efw_area3,1,-26.038873371855896,14.062661473642997,0.0645075844451628,849,-40.97577112033328,"lag_gdppc_growth_5y,lag_gdppc_log,lag_efw_summary,trade_gdp,gcf_gdp,gov_consumption_gdp",868302632f1f78e806748c2cbf7becc63dcb02d41e25254899706480a7e30feb,0.45424090713468807
A_linear_inflation_cpi_d_efw_area3,A,inflation_cpi,d_efw_area3,2,-36.175854409329716,32.88456852072737,0.271768999635851,716,-56.92771377587224,"lag_gdppc_growth_5y,lag_gdppc_log,lag_efw_summary,trade_gdp,gcf_gdp,gov_consumption_gdp",868302632f1f78e806748c2cbf7becc63dcb02d41e25254899706480a7e30feb,0.6585901837195639
A_linear_inflation_cpi_d_efw_area3,A,inflation_cpi,d_efw_area3,3,-0.5587113688470116,0.5252768617616639,0.28807818097459426,583,-0.8792096664576824,"lag_gdppc_growth_5y,lag_gdppc_log,lag_efw_summary,trade_gdp,gcf_gdp,gov_consumption_gdp",868302632f1f78e806748c2cbf7becc63dcb02d41e25254899706480a7e30feb,0.6585901837195639
A_linear_inflation_cpi_d_efw_area4,A,inflation_cpi,d_efw_area4,0,-2.902117131664816,15.174894887311371,0.8483862582229729,899,-3.217782710808766,"lag_gdppc_growth_5y,lag_gdppc_log,lag_efw_summary,trade_gdp,gcf_gdp,gov_consumption_gdp",868302632f1f78e806748c2cbf7becc63dcb02d41e25254899706480a7e30feb,0.9432715634189632
A_linear_inflation_cpi_d_efw_area4,A,inflation_cpi,d_efw_area4,1,-75.26073450189561,55.23543279207975,0.17351688047062885,775,-83.44690420680739,"lag_gdppc_growth_5y,lag_gdppc_log,lag_efw_summary,trade_gdp,gcf_gdp,gov_consumption_gdp",868302632f1f78e806748c2cbf7becc63dcb02d41e25254899706480a7e30feb,0.6203058491979815
A_linear_inflation_cpi_d_efw_area4,A,inflation_cpi,d_efw_area4,2,17.869381306898568,17.6220859750666,0.31104770639870893,653,19.813048065776204,"lag_gdppc_growth_5y,lag_gdppc_log,lag_efw_summary,trade_gdp,gcf_gdp,gov_consumption_gdp",868302632f1f78e806748c2cbf7becc63dcb02d41e25254899706480a7e30feb,0.6585901837195639
A_linear_inflation_cpi_d_efw_area4,A,inflation_cpi,d_efw_area4,3,-0.9340345095703212,0.9260986930654336,0.3137865094478114,532,-1.035630183014009,"lag_gdppc_growth_5y,lag_gdppc_log,lag_efw_summary,trade_gdp,gcf_gdp,gov_consumption_gdp",868302632f1f78e806748c2cbf7becc63dcb02d41e25254899706480a7e30feb,0.6585901837195639
A_linear_inflation_cpi_d_efw_area5,A,inflation_cpi,d_efw_area5,0,-28.868459404458328,82.05387422384094,0.725063021340536,967,-19.871725254574358,"lag_gdppc_growth_5y,lag_gdppc_log,lag_efw_summary,trade_gdp,gcf_gdp,gov_consumption_gdp",868302632f1f78e806748c2cbf7becc63dcb02d41e25254899706480a7e30feb,0.9076714859744488
A_linear_inflation_cpi_d_efw_area5,A,inflation_cpi,d_efw_area5,1,9.612278125170173,18.794890574178854,0.6092152593824727,844,6.616652011033107,"lag_gdppc_growth_5y,lag_gdppc_log,lag_efw_summary,trade_gdp,gcf_gdp,gov_consumption_gdp",868302632f1f78e806748c2cbf7becc63dcb02d41e25254899706480a7e30feb,0.8119337408967178
A_linear_inflation_cpi_d_efw_area5,A,inflation_cpi,d_efw_area5,2,-33.25925122309665,29.827725287928303,0.26531554219957676,711,-22.894145240607234,"lag_gdppc_growth_5y,lag_gdppc_log,lag_efw_summary,trade_gdp,gcf_gdp,gov_consumption_gdp",868302632f1f78e806748c2cbf7becc63dcb02d41e25254899706480a7e30feb,0.6585901837195639
A_linear_inflation_cpi_d_efw_area5,A,inflation_cpi,d_efw_area5,3,-4.568907275299026,4.165838113088699,0.2733633941836964,578,-3.1450265085620264,"lag_gdppc_growth_5y,lag_gdppc_log,lag_efw_summary,trade_gdp,gcf_gdp,gov_consumption_gdp",868302632f1f78e806748c2cbf7becc63dcb02d41e25254899706480a7e30feb,0.6585901837195639
A_asym_inflation_cpi,A,inflation_cpi,d_efw_summary_pos,0,-154.2356753576435,99.04091049439302,0.11979261007125408,972,-58.902915866362214,"lag_gdppc_growth_5y,lag_gdppc_log,lag_efw_summary,trade_gdp,gcf_gdp,gov_consumption_gdp",868302632f1f78e806748c2cbf7becc63dcb02d41e25254899706480a7e30feb,0.5061237775510484
A_asym_inflation_cpi,A,inflation_cpi,d_efw_summary_neg,0,-76.39430628854693,70.65713329479702,0.27993191779599,972,-22.74376652177411,"lag_gdppc_growth_5y,lag_gdppc_log,lag_efw_summary,trade_gdp,gcf_gdp,gov_consumption_gdp",868302632f1f78e806748c2cbf7becc63dcb02d41e25254899706480a7e30feb,0.6585901837195639
A_asym_inflation_cpi,A,inflation_cpi,d_efw_summary_pos,1,-134.1469830054561,92.04585373107638,0.14546552612460006,849,-51.23100369207232,"lag_gdppc_growth_5y,lag_gdppc_log,lag_efw_summary,trade_gdp,gcf_gdp,gov_consumption_gdp",868302632f1f78e806748c2cbf7becc63dcb02d41e25254899706480a7e30feb,0.558140650528664
A_asym_inflation_cpi,A,inflation_cpi,d_efw_summary_neg,1,-264.93112885449204,165.4059304697359,0.10968171328337006,849,-78.87409457267327,"lag_gdppc_growth_5y,lag_gdppc_log,lag_efw_summary,trade_gdp,gcf_gdp,gov_consumption_gdp",868302632f1f78e806748c2cbf7becc63dcb02d41e25254899706480a7e30feb,0.5009786363483659
A_asym_inflation_cpi,A,inflation_cpi,d_efw_summary_pos,2,-105.57185319031424,87.4506545970923,0.22786126278363783,716,-40.318103914062135,"lag_gdppc_growth_5y,lag_gdppc_log,lag_efw_summary,trade_gdp,gcf_gdp,gov_consumption_gdp",868302632f1f78e806748c2cbf7becc63dcb02d41e25254899706480a7e30feb,0.6559424983627763
A_asym_inflation_cpi,A,inflation_cpi,d_efw_summary_neg,2,-8.84430036780336,70.24125953989585,0.8998460839708351,716,-2.6330850083773507,"lag_gdppc_growth_5y,lag_gdppc_log,lag_efw_summary,trade_gdp,gcf_gdp,gov_consumption_gdp",868302632f1f78e806748c2cbf7becc63dcb02d41e25254899706480a7e30feb,0.9686241286055486
A_asym_inflation_cpi,A,inflation_cpi,d_efw_summary_pos,3,-3.926760395670684,6.450518848570941,0.5430086575848563,583,-1.4996377243929968,"lag_gdppc_growth_5y,lag_gdppc_log,lag_efw_summary,trade_gdp,gcf_gdp,gov_consumption_gdp",868302632f1f78e806748c2cbf7becc63dcb02d41e25254899706480a7e30feb,0.7843458387336814
A_asym_inflation_cpi,A,inflation_cpi,d_efw_summary_neg,3,-12.847410418288984,7.072241932648251,0.06997017654000448,583,-3.8248727838344077,"lag_gdppc_growth_5y,lag_gdppc_log,lag_efw_summary,trade_gdp,gcf_gdp,gov_consumption_gdp",868302632f1f78e806748c2cbf7becc63dcb02d41e25254899706480a7e30feb,0.45480614751002907
B_legal_x_money,B,gdppc_growth_5y,d_efw_area2,0,0.05027725783277052,0.02768645706165943,0.06974880010618967,972,0.026458596776747802,"lag_gdppc_growth_5y,lag_gdppc_log,lag_efw_summary,trade_gdp,inflation_cpi,gcf_gdp,gov_consumption_gdp",868302632f1f78e806748c2cbf7becc63dcb02d41e25254899706480a7e30feb,0.45480614751002907
B_legal_x_money,B,gdppc_growth_5y,d_area2_x_area3,0,-0.0043011360574565305,0.0038508810272100693,0.2643598456518752,972,-0.014424019410126302,"lag_gdppc_growth_5y,lag_gdppc_log,lag_efw_summary,trade_gdp,inflation_cpi,gcf_gdp,gov_consumption_gdp",868302632f1f78e806748c2cbf7becc63dcb02d41e25254899706480a7e30feb,0.6585901837195639
B_legal_x_money,B,gdppc_growth_5y,d_efw_area2,1,0.015283306441632553,0.029961580731562572,0.610151391088066,834,0.008042897723253676,"lag_gdppc_growth_5y,lag_gdppc_log,lag_efw_summary,trade_gdp,inflation_cpi,gcf_gdp,gov_consumption_gdp",868302632f1f78e806748c2cbf7becc63dcb02d41e25254899706480a7e30feb,0.8119337408967178
B_legal_x_money,B,gdppc_growth_5y,d_area2_x_area3,1,-0.0012581570844558841,0.004357177503022318,0.7728580005675405,834,-0.004219276480621539,"lag_gdppc_growth_5y,lag_gdppc_log,lag_efw_summary,trade_gdp,inflation_cpi,gcf_gdp,gov_consumption_gdp",868302632f1f78e806748c2cbf7becc63dcb02d41e25254899706480a7e30feb,0.929479578336487
B_legal_x_money,B,gdppc_growth_5y,d_efw_area2,2,-0.039203643686213464,0.0262681625050951,0.13617672467919206,691,-0.020631065519184425,"lag_gdppc_growth_5y,lag_gdppc_log,lag_efw_summary,trade_gdp,inflation_cpi,gcf_gdp,gov_consumption_gdp",868302632f1f78e806748c2cbf7becc63dcb02d41e25254899706480a7e30feb,0.5479492016853205
B_legal_x_money,B,gdppc_growth_5y,d_area2_x_area3,2,0.0060955799448130865,0.003465215398199941,0.07913929316577262,691,0.02044175358915606,"lag_gdppc_growth_5y,lag_gdppc_log,lag_efw_summary,trade_gdp,inflation_cpi,gcf_gdp,gov_consumption_gdp",868302632f1f78e806748c2cbf7becc63dcb02d41e25254899706480a7e30feb,0.4776621623219847
B_legal_x_money,B,gdppc_growth_5y,d_efw_area2,3,0.04434015916949891,0.030638943956314304,0.1486173329810052,551,0.02333417618726842,"lag_gdppc_growth_5y,lag_gdppc_log,lag_efw_summary,trade_gdp,inflation_cpi,gcf_gdp,gov_consumption_gdp",868302632f1f78e806748c2cbf7becc63dcb02d41e25254899706480a7e30feb,0.558140650528664
B_legal_x_money,B,gdppc_growth_5y,d_area2_x_area3,3,-0.0047909136004909755,0.004214555870595741,0.25631158857959013,551,-0.01606650657933025,"lag_gdppc_growth_5y,lag_gdppc_log,lag_efw_summary,trade_gdp,inflation_cpi,gcf_gdp,gov_consumption_gdp",868302632f1f78e806748c2cbf7becc63dcb02d41e25254899706480a7e30feb,0.6585901837195639
B_trade_x_regulation,B,gdppc_growth_5y,d_efw_area4,0,0.006385400314532898,0.015815402128288043,0.6865171797747198,894,0.0070799453645449565,"lag_gdppc_growth_5y,lag_gdppc_log,lag_efw_summary,trade_gdp,inflation_cpi,gcf_gdp,gov_consumption_gdp",868302632f1f78e806748c2cbf7becc63dcb02d41e25254899706480a7e30feb,0.8723413788114861
B_trade_x_regulation,B,gdppc_growth_5y,d_area4_x_area5,0,0.0004093502665678116,0.0029170629089274955,0.8884380263299478,894,0.0025397783046831367,"lag_gdppc_growth_5y,lag_gdppc_log,lag_efw_summary,trade_gdp,inflation_cpi,gcf_gdp,gov_consumption_gdp",868302632f1f78e806748c2cbf7becc63dcb02d41e25254899706480a7e30feb,0.9624745285241102
B_trade_x_regulation,B,gdppc_growth_5y,d_efw_area4,1,-0.02012376711093454,0.016306294673130623,0.21763937401035927,759,-0.02231264519938959,"lag_gdppc_growth_5y,lag_gdppc_log,lag_efw_summary,trade_gdp,inflation_cpi,gcf_gdp,gov_consumption_gdp",868302632f1f78e806748c2cbf7becc63dcb02d41e25254899706480a7e30feb,0.6559424983627763
B_trade_x_regulation,B,gdppc_growth_5y,d_area4_x_area5,1,0.004459052482190586,0.0025865034911164674,0.08522255341621188,759,0.027665805249537018,"lag_gdppc_growth_5y,lag_gdppc_log,lag_efw_summary,trade_gdp,inflation_cpi,gcf_gdp,gov_consumption_gdp",868302632f1f78e806748c2cbf7becc63dcb02d41e25254899706480a7e30feb,0.48682341603492446
B_trade_x_regulation,B,gdppc_growth_5y,d_efw_area4,2,0.013429968139582835,0.01641700612551552,0.413730756326105,626,0.014890756411844704,"lag_gdppc_growth_5y,lag_gdppc_log,lag_efw_summary,trade_gdp,inflation_cpi,gcf_gdp,gov_consumption_gdp",868302632f1f78e806748c2cbf7becc63dcb02d41e25254899706480a7e30feb,0.6929710014614932
B_trade_x_regulation,B,gdppc_growth_5y,d_area4_x_area5,2,-0.0014671701170929355,0.002740713964616708,0.592672177703869,626,-0.009102930025953143,"lag_gdppc_growth_5y,lag_gdppc_log,lag_efw_summary,trade_gdp,inflation_cpi,gcf_gdp,gov_consumption_gdp",868302632f1f78e806748c2cbf7becc63dcb02d41e25254899706480a7e30feb,0.8119337408967178
B_trade_x_regulation,B,gdppc_growth_5y,d_efw_area4,3,-0.017043329245041098,0.036249249901230775,0.6385057716906393,502,-0.018897145666844396,"lag_gdppc_growth_5y,lag_gdppc_log,lag_efw_summary,trade_gdp,inflation_cpi,gcf_gdp,gov_consumption_gdp",868302632f1f78e806748c2cbf7becc63dcb02d41e25254899706480a7e30feb,0.8231170509701509
B_trade_x_regulation,B,gdppc_growth_5y,d_area4_x_area5,3,0.002770152804493098,0.005674884835075721,0.6257334049701582,502,0.017187173352782532,"lag_gdppc_growth_5y,lag_gdppc_log,lag_efw_summary,trade_gdp,inflation_cpi,gcf_gdp,gov_consumption_gdp",868302632f1f78e806748c2cbf7becc63dcb02d41e25254899706480a7e30feb,0.8231170509701509
C_bundles,C,gdppc_growth_5y,bundle_1,0,0.07757986106369612,0.07833207540800585,0.34785817345229675,80,,"lag_gdppc_growth_5y,lag_gdppc_log,lag_efw_summary",868302632f1f78e806748c2cbf7becc63dcb02d41e25254899706480a7e30feb,0.6837413437683995
C_bundles,C,gdppc_growth_5y,bundle_3,0,0.009493535489421171,0.12351601258911912,0.9404158574981967,80,,"lag_gdppc_growth_5y,lag_gdppc_log,lag_efw_summary",868302632f1f78e806748c2cbf7becc63dcb02d41e25254899706480a7e30feb,0.9893101785676732
C_bundles,C,gdppc_growth_5y,bundle_1,1,0.006576780521463804,,,22,,"lag_gdppc_growth_5y,lag_gdppc_log,lag_efw_summary",868302632f1f78e806748c2cbf7becc63dcb02d41e25254899706480a7e30feb,1.0
C_bundles,C,gdppc_growth_5y,bundle_0,2,0.0,,,6,,"lag_gdppc_growth_5y,lag_gdppc_log,lag_efw_summary",868302632f1f78e806748c2cbf7becc63dcb02d41e25254899706480a7e30feb,1.0
C_bundles,C,gdppc_growth_5y,bundle_1,2,0.34788299830947556,,,6,,"lag_gdppc_growth_5y,lag_gdppc_log,lag_efw_summary",868302632f1f78e806748c2cbf7becc63dcb02d41e25254899706480a7e30feb,1.0
D_crisis_interaction,D,gdppc_growth_5y,any_crisis,0,-0.062361350642727235,0.049441042007042205,0.20755532767816165,972,-0.025379105173780017,"lag_gdppc_growth_5y,lag_gdppc_log,lag_efw_summary,trade_gdp,inflation_cpi,gcf_gdp,gov_consumption_gdp",868302632f1f78e806748c2cbf7becc63dcb02d41e25254899706480a7e30feb,0.6552544572006377
D_crisis_interaction,D,gdppc_growth_5y,crisis_x_efw,0,0.001512436222759166,0.007830636425327091,0.8468952148008928,972,0.003597547023164133,"lag_gdppc_growth_5y,lag_gdppc_log,lag_efw_summary,trade_gdp,inflation_cpi,gcf_gdp,gov_consumption_gdp",868302632f1f78e806748c2cbf7becc63dcb02d41e25254899706480a7e30feb,0.9432715634189632
D_crisis_interaction,D,gdppc_growth_5y,any_crisis,1,-0.04460561002159297,0.05305724367698789,0.40081098289254635,834,-0.018153078091015448,"lag_gdppc_growth_5y,lag_gdppc_log,lag_efw_summary,trade_gdp,inflation_cpi,gcf_gdp,gov_consumption_gdp",868302632f1f78e806748c2cbf7becc63dcb02d41e25254899706480a7e30feb,0.6929710014614932
D_crisis_interaction,D,gdppc_growth_5y,crisis_x_efw,1,0.006969981843105314,0.008293613172116923,0.4009810768264035,834,0.016579104000449738,"lag_gdppc_growth_5y,lag_gdppc_log,lag_efw_summary,trade_gdp,inflation_cpi,gcf_gdp,gov_consumption_gdp",868302632f1f78e806748c2cbf7becc63dcb02d41e25254899706480a7e30feb,0.6929710014614932
D_crisis_interaction,D,gdppc_growth_5y,any_crisis,2,-0.0019870522153343584,0.04645037283613559,0.9658945530394443,691,-0.0008086676545490201,"lag_gdppc_growth_5y,lag_gdppc_log,lag_efw_summary,trade_gdp,inflation_cpi,gcf_gdp,gov_consumption_gdp",868302632f1f78e806748c2cbf7becc63dcb02d41e25254899706480a7e30feb,0.9893101785676732
D_crisis_interaction,D,gdppc_growth_5y,crisis_x_efw,2,0.0039556276634748165,0.0071557842416026815,0.5806407218487837,691,0.009409029161916294,"lag_gdppc_growth_5y,lag_gdppc_log,lag_efw_summary,trade_gdp,inflation_cpi,gcf_gdp,gov_consumption_gdp",868302632f1f78e806748c2cbf7becc63dcb02d41e25254899706480a7e30feb,0.81097753712764
D_crisis_interaction,D,gdppc_growth_5y,any_crisis,3,0.02312581289734722,0.070454608450148,0.7429012348091975,551,0.009411477328536356,"lag_gdppc_growth_5y,lag_gdppc_log,lag_efw_summary,trade_gdp,inflation_cpi,gcf_gdp,gov_consumption_gdp",868302632f1f78e806748c2cbf7becc63dcb02d41e25254899706480a7e30feb,0.9164256108230245
D_crisis_interaction,D,gdppc_growth_5y,crisis_x_efw,3,-0.0029003343437991,0.011617504397802278,0.8029823576161368,551,-0.0068988622645390265,"lag_gdppc_growth_5y,lag_gdppc_log,lag_efw_summary,trade_gdp,inflation_cpi,gcf_gdp,gov_consumption_gdp",868302632f1f78e806748c2cbf7becc63dcb02d41e25254899706480a7e30feb,0.929479578336487
E_democracy,E,gdppc_growth_5y,d_efw_summary,0,0.02983615745706454,0.01314171995841006,0.023685709425891543,536,0.016665463355914577,"lag_gdppc_growth_5y,lag_gdppc_log,lag_efw_summary,trade_gdp,inflation_cpi,gcf_gdp,gov_consumption_gdp",868302632f1f78e806748c2cbf7becc63dcb02d41e25254899706480a7e30feb,0.30791422253659007
E_democracy,E,gdppc_growth_5y,d_efw_summary,1,0.03812545753132501,0.018330230435438116,0.03828137371749829,445,0.0212955846050253,"lag_gdppc_growth_5y,lag_gdppc_log,lag_efw_summary,trade_gdp,inflation_cpi,gcf_gdp,gov_consumption_gdp",868302632f1f78e806748c2cbf7becc63dcb02d41e25254899706480a7e30feb,0.3805618916621889
E_democracy,E,gdppc_growth_5y,d_efw_summary,2,0.005148505060237345,0.017737321423067342,0.7718456847486155,357,0.002875779917122343,"lag_gdppc_growth_5y,lag_gdppc_log,lag_efw_summary,trade_gdp,inflation_cpi,gcf_gdp,gov_consumption_gdp",868302632f1f78e806748c2cbf7becc63dcb02d41e25254899706480a7e30feb,0.929479578336487
E_democracy,E,gdppc_growth_5y,d_efw_summary,3,-0.017201130276826515,0.016775792242170635,0.3064861433221908,275,-0.009607966666662337,"lag_gdppc_growth_5y,lag_gdppc_log,lag_efw_summary,trade_gdp,inflation_cpi,gcf_gdp,gov_consumption_gdp",868302632f1f78e806748c2cbf7becc63dcb02d41e25254899706480a7e30feb,0.6585901837195639
E_autocracy,E,gdppc_growth_5y,d_efw_summary,0,0.07111886259051135,0.016721492945842804,2.8016588207169235e-05,418,0.039724579149378866,"lag_gdppc_growth_5y,lag_gdppc_log,lag_efw_summary,trade_gdp,inflation_cpi,gcf_gdp,gov_consumption_gdp",868302632f1f78e806748c2cbf7becc63dcb02d41e25254899706480a7e30feb,0.0021787827180753303
E_autocracy,E,gdppc_growth_5y,d_efw_summary,1,-0.0213645145109616,0.02117925090608759,0.314151251683195,331,-0.01193349157684617,"lag_gdppc_growth_5y,lag_gdppc_log,lag_efw_summary,trade_gdp,inflation_cpi,gcf_gdp,gov_consumption_gdp",868302632f1f78e806748c2cbf7becc63dcb02d41e25254899706480a7e30feb,0.6585901837195639
E_autocracy,E,gdppc_growth_5y,d_efw_summary,2,-0.018726212586401312,0.035293531610879184,0.5964467859646059,247,-0.010459825803736115,"lag_gdppc_growth_5y,lag_gdppc_log,lag_efw_summary,trade_gdp,inflation_cpi,gcf_gdp,gov_consumption_gdp",868302632f1f78e806748c2cbf7becc63dcb02d41e25254899706480a7e30feb,0.8119337408967178
E_autocracy,E,gdppc_growth_5y,d_efw_summary,3,-0.05188548860707945,0.04107482310567003,0.2093712466794937,174,-0.028981470228843596,"lag_gdppc_growth_5y,lag_gdppc_log,lag_efw_summary,trade_gdp,inflation_cpi,gcf_gdp,gov_consumption_gdp",868302632f1f78e806748c2cbf7becc63dcb02d41e25254899706480a7e30feb,0.6552544572006377
F_collapse_lp,F,growth_collapse,d_efw_summary,0,-0.07327377379399819,0.029446320145474898,0.013032893651445443,972,-0.040928239297259486,"lag_gdppc_growth_5y,lag_gdppc_log,lag_efw_summary,trade_gdp,inflation_cpi,gcf_gdp,gov_consumption_gdp",868302632f1f78e806748c2cbf7becc63dcb02d41e25254899706480a7e30feb,0.20023263882675268
F_collapse_lp,F,growth_collapse,d_efw_summary,1,-0.028787526936549214,0.034956377689701286,0.41050043264629155,834,-0.016079733992517484,"lag_gdppc_growth_5y,lag_gdppc_log,lag_efw_summary,trade_gdp,inflation_cpi,gcf_gdp,gov_consumption_gdp",868302632f1f78e806748c2cbf7becc63dcb02d41e25254899706480a7e30feb,0.6929710014614932
F_collapse_lp,F,growth_collapse,d_efw_summary,2,-0.02443262375834697,0.027164063250850877,0.36882024668510516,692,-0.013647233110347051,"lag_gdppc_growth_5y,lag_gdppc_log,lag_efw_summary,trade_gdp,inflation_cpi,gcf_gdp,gov_consumption_gdp",868302632f1f78e806748c2cbf7becc63dcb02d41e25254899706480a7e30feb,0.6929710014614932
F_collapse_lp,F,growth_collapse,d_efw_summary,3,0.03225714193919621,0.024711591678862815,0.1925129787819566,552,0.018017742992803606,"lag_gdppc_growth_5y,lag_gdppc_log,lag_efw_summary,trade_gdp,inflation_cpi,gcf_gdp,gov_consumption_gdp",868302632f1f78e806748c2cbf7becc63dcb02d41e25254899706480a7e30feb,0.6506938682830133
