iso3,n_events,share
USA,175,0.02691065662002153
LBR,104,0.01599261879132708
PRT,100,0.01537751806858373
SLV,90,0.013839766261725358
ARG,86,0.013224665538982008
BOL,86,0.013224665538982008
BRA,82,0.012609564816238658
COL,80,0.012302014454866984
DOM,79,0.012148239274181146
CHL,78,0.01199446409349531
DNK,77,0.011840688912809472
FRA,76,0.011686913732123634
BEL,76,0.011686913732123634
ISL,75,0.011533138551437798
URY,74,0.01137936337075196
ESP,72,0.011071813009380286
SWE,72,0.011071813009380286
HND,72,0.011071813009380286
GRC,71,0.010918037828694448
NLD,71,0.010918037828694448
ECU,70,0.010764262648008612
GTM,69,0.010610487467322774
NOR,69,0.010610487467322774
ROU,69,0.010610487467322774
AUS,68,0.010456712286636936
CRI,67,0.0103029371059511
YUG,65,0.009995386744579424
BGR,64,0.009841611563893588
GBR,61,0.009380286021836076
PER,60,0.009226510841150238
FIN,58,0.008918960479778564
PRY,58,0.008918960479778564
NZL,56,0.008611410118406888
NIC,54,0.008303859757035214
PHL,54,0.008303859757035214
AUT,54,0.008303859757035214
PAN,53,0.008150084576349376
CUB,53,0.008150084576349376
CHE,52,0.00799630939566354
CAN,52,0.00799630939566354
MEX,52,0.00799630939566354
DEU,51,0.007842534214977702
JPN,49,0.007534983853606028
IRL,48,0.00738120867292019
HUN,45,0.006919883130862679
FJI,44,0.006766107950176841
ITA,42,0.006458557588805167
VEN,40,0.006151007227433492
KEN,40,0.006151007227433492
ZMB,39,0.005997232046747655
HTI,38,0.005843456866061817
ZWE,38,0.005843456866061817
TUR,36,0.005535906504690143
FRO,36,0.005535906504690143
KOR,35,0.005382131324004306
LKA,34,0.005228356143318468
POL,34,0.005228356143318468
LIE,34,0.005228356143318468
IRN,33,0.005074580962632631
ISR,33,0.005074580962632631
EGY,33,0.005074580962632631
ALB,32,0.004920805781946794
MNE,29,0.004459480239889282
TWN,29,0.004459480239889282
SYR,29,0.004459480239889282
SYC,29,0.004459480239889282
RUS,29,0.004459480239889282
LUX,29,0.004459480239889282
GAB,28,0.004305705059203444
SEN,28,0.004305705059203444
JAM,28,0.004305705059203444
TGO,28,0.004305705059203444
THA,28,0.004305705059203444
TUN,28,0.004305705059203444
CIV,28,0.004305705059203444
MNG,28,0.004305705059203444
TZA,28,0.004305705059203444
BEN,27,0.004151929878517607
CZE,27,0.004151929878517607
DZA,26,0.00399815469783177
GMB,26,0.00399815469783177
SMR,26,0.00399815469783177
KIR,26,0.00399815469783177
MRT,26,0.00399815469783177
ZAF,26,0.00399815469783177
GUY,25,0.0038443795171459326
NAM,25,0.0038443795171459326
MDV,25,0.0038443795171459326
NER,25,0.0038443795171459326
TCA,25,0.0038443795171459326
CYP,25,0.0038443795171459326
CYM,25,0.0038443795171459326
MLT,25,0.0038443795171459326
CMR,25,0.0038443795171459326
IND,24,0.003690604336460095
MLI,24,0.003690604336460095
CAF,24,0.003690604336460095
NGA,24,0.003690604336460095
SGP,24,0.003690604336460095
GHA,24,0.003690604336460095
MDG,24,0.003690604336460095
DJI,24,0.003690604336460095
COG,23,0.003536829155774258
LTU,23,0.003536829155774258
KWT,23,0.003536829155774258
PLW,23,0.003536829155774258
NIU,22,0.0033830539750884206
MSR,22,0.0033830539750884206
TTO,22,0.0033830539750884206
BFA,22,0.0033830539750884206
GIN,21,0.0032292787944025836
MAC,21,0.0032292787944025836
COM,21,0.0032292787944025836
SDN,21,0.0032292787944025836
SLE,21,0.0032292787944025836
KNA,21,0.0032292787944025836
MWI,21,0.0032292787944025836
ANT,21,0.0032292787944025836
AFG,21,0.0032292787944025836
GIB,21,0.0032292787944025836
PNG,20,0.003075503613716746
NRU,20,0.003075503613716746
GRL,20,0.003075503613716746
GNQ,19,0.0029217284330309086
RWA,18,0.0027679532523450716
IRQ,18,0.0027679532523450716
JOR,18,0.0027679532523450716
VCT,18,0.0027679532523450716
COD,18,0.0027679532523450716
SUR,18,0.0027679532523450716
GEO,18,0.0027679532523450716
MMR,18,0.0027679532523450716
SVN,18,0.0027679532523450716
VGB,18,0.0027679532523450716
KAZ,18,0.0027679532523450716
TCD,18,0.0027679532523450716
EST,18,0.0027679532523450716
UGA,18,0.0027679532523450716
IDN,17,0.002614178071659234
LCA,17,0.002614178071659234
HRV,17,0.002614178071659234
CPV,17,0.002614178071659234
GNB,17,0.002614178071659234
DMA,17,0.002614178071659234
GRD,17,0.002614178071659234
LAO,17,0.002614178071659234
KHM,17,0.002614178071659234
KGZ,17,0.002614178071659234
BLZ,16,0.002460402890973397
COK,16,0.002460402890973397
BRB,16,0.002460402890973397
ATA,16,0.002460402890973397
SVK,16,0.002460402890973397
MYS,16,0.002460402890973397
STP,16,0.002460402890973397
WSM,16,0.002460402890973397
AZE,16,0.002460402890973397
LVA,16,0.002460402890973397
LBN,16,0.002460402890973397
MUS,16,0.002460402890973397
ARM,16,0.002460402890973397
UKR,16,0.002460402890973397
ETH,15,0.0023066277102875596
MOZ,15,0.0023066277102875596
AIA,15,0.0023066277102875596
SLB,15,0.0023066277102875596
UZB,15,0.0023066277102875596
VNM,15,0.0023066277102875596
VUT,15,0.0023066277102875596
BWA,15,0.0023066277102875596
BGD,15,0.0023066277102875596
MDA,15,0.0023066277102875596
TKM,15,0.0023066277102875596
BLR,14,0.002152852529601722
PRK,14,0.002152852529601722
SOM,14,0.002152852529601722
BMU,14,0.002152852529601722
BDI,14,0.002152852529601722
MCO,14,0.002152852529601722
FSM,13,0.001999077348915885
SWZ,13,0.001999077348915885
TLS,13,0.001999077348915885
TJK,13,0.001999077348915885
BIH,12,0.0018453021682300476
PAK,12,0.0018453021682300476
NPL,11,0.0016915269875442103
MAR,11,0.0016915269875442103
TUV,11,0.0016915269875442103
ALA,11,0.0016915269875442103
BHS,11,0.0016915269875442103
LSO,11,0.0016915269875442103
DDR,11,0.0016915269875442103
ABW,10,0.001537751806858373
TON,10,0.001537751806858373
CUW,9,0.0013839766261725358
HKG,9,0.0013839766261725358
XKX,9,0.0013839766261725358
AND,9,0.0013839766261725358
YEM,8,0.0012302014454866985
PRI,8,0.0012302014454866985
BHR,8,0.0012302014454866985
MHL,8,0.0012302014454866985
LBY,8,0.0012302014454866985
OMN,7,0.001076426264800861
AGO,7,0.001076426264800861
SRB,7,0.001076426264800861
MKD,6,0.0009226510841150238
SCG,5,0.0007688759034291865
ARE,5,0.0007688759034291865
YMD,5,0.0007688759034291865
IMN,4,0.0006151007227433493
CHN,4,0.0006151007227433493
BTN,4,0.0006151007227433493
SXM,4,0.0006151007227433493
ERI,3,0.0004613255420575119
SSD,2,0.00030755036137167463
MISSING_ISO3,2,0.00030755036137167463
SHN,2,0.00030755036137167463
PSE,1,0.00015377518068583732
QAT,1,0.00015377518068583732
